Date,Open,High,Low,Close,Volume,Return
2014-03-17,8.8,8.9,8.55,8.65,38316000,
2014-03-18,8.7,8.7,8.6,8.65,11745500,0.0
2014-03-19,8.65,8.7,8.5,8.5,10455500,-0.017341
2014-03-20,8.4,8.5,8.35,8.5,5178600,0.0
2014-03-21,8.5,8.6,8.4,8.4,4189700,-0.011765
2014-03-24,8.15,8.2,8.05,8.05,2595700,-0.041667
2014-03-25,8.1,8.45,8.05,8.45,7481000,0.049689
2014-03-26,8.35,8.4,8.3,8.35,1345500,-0.011834
2014-03-27,8.4,8.4,8.25,8.25,1403300,-0.011976
2014-03-28,8.25,8.35,8.2,8.35,651300,0.012121
2014-03-31,8.3,8.3,8.2,8.2,781900,-0.017964
2014-04-01,8.2,8.3,8.2,8.2,1383200,0.0
2014-04-02,8.25,8.45,8.2,8.45,4368800,0.030488
2014-04-03,8.45,8.45,8.2,8.25,3067200,-0.023669
2014-04-04,8.25,8.35,8.15,8.2,2899200,-0.006061
2014-04-08,8.2,8.7,8.2,8.35,15241900,0.018293
2014-04-09,8.35,8.4,8.25,8.25,1395300,-0.011976
2014-04-10,8.3,8.35,8.25,8.25,1927700,0.0
2014-04-11,8.25,8.5,8.25,8.5,6958400,0.030303
2014-04-16,8.5,8.7,8.4,8.6,12334000,0.011765
2014-04-17,8.65,9.25,8.6,9.05,59214600,0.052326
2014-04-18,9.15,9.2,8.95,9.1,12618000,0.005525
2014-04-21,9.1,9.45,9.0,9.45,48462700,0.038462
2014-04-22,9.45,9.5,9.3,9.4,15766600,-0.005291
2014-04-23,9.4,9.95,9.4,9.8,43956900,0.042553
2014-04-24,9.8,10.4,9.7,10.4,40324700,0.061224
2014-04-25,10.3,10.3,9.4,9.65,49191400,-0.072115
2014-04-28,9.5,9.8,9.3,9.65,16664700,0.0
2014-04-29,9.65,10.1,9.55,10.1,23164300,0.046632
2014-04-30,10.1,10.2,9.75,9.85,9775500,-0.024752
2014-05-02,9.9,10.2,9.75,10.0,21348300,0.015228
2014-05-06,10.0,10.1,9.8,10.0,11932000,0.0
2014-05-07,9.9,9.95,9.8,9.85,3878000,-0.015
2014-05-08,9.85,9.85,9.3,9.55,16169700,-0.030457
2014-05-09,9.5,9.5,9.05,9.3,13939100,-0.026178
2014-05-12,9.2,9.3,8.75,9.1,16583600,-0.021505
2014-05-14,9.15,9.7,9.15,9.5,19505000,0.043956
2014-05-15,9.5,9.6,9.3,9.3,4859900,-0.021053
2014-05-16,9.3,9.65,9.3,9.45,5363700,0.016129
2014-05-19,9.4,9.45,9.35,9.35,1060400,-0.010582
2014-05-20,9.2,9.55,9.15,9.35,3730500,0.0
2014-05-21,9.45,9.7,9.45,9.7,15610300,0.037433
2014-05-22,9.85,9.9,9.5,9.6,7024700,-0.010309
2014-05-23,9.4,9.7,9.3,9.6,5518100,0.0
2014-05-26,9.6,9.6,9.35,9.45,3117600,-0.015625
2014-05-27,9.5,9.65,9.45,9.55,5114600,0.010582
2014-05-28,9.6,9.7,9.4,9.45,2747700,-0.010471
2014-05-29,9.5,9.6,9.45,9.5,1433100,0.005291
2014-05-30,9.45,10.1,9.35,10.0,20043800,0.052632
2014-06-02,9.95,10.1,9.85,10.0,4908200,0.0
2014-06-03,10.0,10.5,10.0,10.2,29929700,0.02
2014-06-04,10.3,10.6,10.2,10.3,33889200,0.009804
2014-06-05,10.4,10.6,10.3,10.4,14005400,0.009709
2014-06-06,10.4,10.8,10.4,10.7,18986800,0.028846
2014-06-09,10.7,10.8,10.3,10.5,5525600,-0.018692
2014-06-10,10.4,10.5,10.3,10.5,3555400,0.0
2014-06-11,10.6,10.9,10.5,10.7,7077500,0.019048
2014-06-12,10.7,10.7,10.5,10.5,1683100,-0.018692
2014-06-13,10.5,10.9,10.5,10.6,11658400,0.009524
2014-06-16,10.6,10.7,10.2,10.7,13457500,0.009434
2014-06-17,10.7,10.7,10.4,10.4,3737300,-0.028037
2014-06-18,10.4,10.5,10.3,10.3,2996300,-0.009615
2014-06-19,10.3,10.4,10.2,10.2,5391700,-0.009709
2014-06-20,10.2,10.4,10.1,10.3,2606100,0.009804
2014-06-23,10.2,10.4,10.1,10.2,3303900,-0.009709
2014-06-24,10.3,10.3,10.0,10.2,6693200,0.0
2014-06-25,10.2,10.2,10.0,10.2,2023000,0.0
2014-06-26,10.2,10.3,10.1,10.1,4515600,-0.009804
2014-06-27,10.2,10.5,10.2,10.5,9477900,0.039604
2014-06-30,10.5,10.5,10.2,10.4,7344100,-0.009524
2014-07-02,10.4,10.4,9.95,10.3,9679000,-0.009615
2014-07-03,10.3,10.3,10.0,10.2,4805400,-0.009709
2014-07-04,10.2,10.5,10.2,10.4,4888600,0.019608
2014-07-07,10.3,10.4,10.2,10.4,921300,0.0
2014-07-08,10.3,10.5,10.2,10.4,3929000,0.0
2014-07-09,10.3,10.5,10.3,10.5,3084300,0.009615
2014-07-10,10.6,10.8,10.5,10.8,9376700,0.028571
2014-07-14,11.0,11.2,10.7,10.7,13016200,-0.009259
2014-07-15,10.8,10.8,10.4,10.5,4915800,-0.018692
2014-07-16,10.4,10.6,10.3,10.5,5443700,0.0
2014-07-17,10.5,10.5,10.4,10.5,1810100,0.0
2014-07-18,10.4,10.6,10.4,10.4,1426800,-0.009524
2014-07-21,10.4,10.4,10.2,10.4,2695800,0.0
2014-07-22,10.4,10.4,10.2,10.2,2140600,-0.019231
2014-07-23,10.2,10.7,10.2,10.6,5144100,0.039216
2014-07-24,10.6,10.7,10.5,10.6,3392500,0.0
2014-07-25,10.5,10.8,10.5,10.7,4097500,0.009434
2014-07-28,10.6,10.9,10.6,10.8,4386800,0.009346
2014-07-29,10.8,10.8,10.4,10.4,2072200,-0.037037
2014-07-30,10.4,10.4,10.2,10.3,1569300,-0.009615
2014-07-31,10.3,10.4,10.0,10.0,2483000,-0.029126
2014-08-01,9.95,10.2,9.95,10.1,1102400,0.01
2014-08-04,10.2,10.3,10.2,10.2,1830500,0.009901
2014-08-05,10.3,10.7,10.2,10.5,4229600,0.029412
2014-08-06,10.5,10.5,10.2,10.2,609100,-0.028571
2014-08-07,10.2,10.3,10.1,10.1,609600,-0.009804
2014-08-08,10.1,10.3,10.1,10.2,362900,0.009901
2014-08-11,10.1,10.3,10.1,10.2,362900,0.0
2014-08-13,10.3,10.3,10.0,10.1,3289000,-0.009804
2014-08-14,10.2,10.4,10.2,10.2,2586100,0.009901
2014-08-15,10.2,10.3,10.1,10.2,1036400,0.0
2014-08-18,10.2,10.3,10.2,10.3,466300,0.009804
2014-08-19,10.2,10.3,10.0,10.1,2172200,-0.019417
2014-08-20,10.2,10.2,10.1,10.1,1525600,0.0
2014-08-21,10.1,10.3,10.0,10.1,1773800,0.0
2014-08-22,10.2,10.2,10.1,10.1,677400,0.0
2014-08-25,10.1,10.3,10.1,10.3,1203900,0.019802
2014-08-26,10.1,10.2,10.0,10.0,1987000,-0.029126
2014-08-27,10.1,10.4,10.1,10.1,6925300,0.01
2014-08-28,10.1,10.2,10.0,10.0,1990500,-0.009901
2014-08-29,10.0,10.1,9.95,10.0,1093300,0.0
2014-09-01,10.0,10.2,9.95,9.95,3117800,-0.005
2014-09-02,9.95,10.0,9.65,9.7,7941800,-0.025126
2014-09-03,9.7,9.8,9.6,9.6,2961200,-0.010309
2014-09-04,9.6,9.85,9.25,9.35,7094000,-0.026042
2014-09-05,9.4,9.9,9.4,9.9,4512100,0.058824
2014-09-08,10.1,10.2,9.9,10.0,6923000,0.010101
2014-09-09,10.1,10.1,9.9,9.9,2071500,-0.01
2014-09-10,9.85,9.9,9.7,9.8,3213700,-0.010101
2014-09-11,9.9,9.95,9.8,9.85,2807400,0.005102
2014-09-12,9.9,10.1,9.85,10.0,3832000,0.015228
2014-09-15,10.1,10.1,9.8,9.8,2325100,-0.02
2014-09-16,9.9,9.9,9.75,9.8,1116600,0.0
2014-09-17,9.9,9.9,9.7,9.8,1378200,0.0
2014-09-18,9.75,9.85,9.7,9.8,473000,0.0
2014-09-19,9.8,9.8,9.7,9.7,753400,-0.010204
2014-09-22,9.7,9.75,9.65,9.65,301600,-0.005155
2014-09-23,9.65,9.75,9.65,9.65,327400,0.0
2014-09-24,9.65,9.7,9.6,9.65,482800,0.0
2014-09-25,9.65,9.65,9.55,9.6,1002600,-0.005181
2014-09-26,9.6,9.65,9.45,9.6,1139000,0.0
2014-09-29,9.65,9.65,9.45,9.5,992200,-0.010417
2014-09-30,9.45,9.55,9.4,9.4,733600,-0.010526
2014-10-01,9.5,9.6,9.5,9.5,200900,0.010638
2014-10-02,9.55,9.55,9.35,9.4,1194200,-0.010526
2014-10-03,9.4,9.55,9.4,9.55,391300,0.015957
2014-10-06,9.6,9.8,9.6,9.8,2744500,0.026178
2014-10-07,9.8,9.9,9.65,9.9,2190000,0.010204
2014-10-08,9.9,10.1,9.7,9.85,6209900,-0.005051
2014-10-09,9.9,10.0,9.85,9.95,2523600,0.010152
2014-10-10,9.9,9.9,9.7,9.75,572800,-0.020101
2014-10-13,9.75,9.85,9.75,9.75,162300,0.0
2014-10-14,9.75,9.75,9.65,9.65,491200,-0.010256
2014-10-15,9.75,9.8,9.65,9.8,306400,0.015544
2014-10-16,9.6,9.85,9.6,9.8,429400,0.0
2014-10-17,9.7,9.7,9.3,9.3,1271800,-0.05102
2014-10-20,9.4,9.5,9.25,9.4,906600,0.010753
2014-10-21,9.3,9.4,9.3,9.35,54000,-0.005319
2014-10-22,9.35,9.45,9.3,9.45,434600,0.010695
2014-10-24,9.3,9.4,9.3,9.35,266200,-0.010582
2014-10-27,9.3,9.4,9.3,9.35,322200,0.0
2014-10-28,9.45,9.45,9.35,9.45,227000,0.010695
2014-10-29,9.4,9.5,9.35,9.5,174700,0.005291
2014-10-30,9.45,9.5,9.35,9.45,312900,-0.005263
2014-10-31,9.4,9.45,9.4,9.45,134600,0.0
2014-11-03,9.4,9.4,9.3,9.4,664500,-0.005291
2014-11-04,9.4,9.4,9.35,9.4,85900,0.0
2014-11-05,9.35,9.35,9.25,9.35,475100,-0.005319
2014-11-06,9.35,9.35,9.3,9.35,120100,0.0
2014-11-07,9.5,9.5,9.15,9.35,2092500,0.0
2014-11-10,9.4,9.4,9.3,9.35,569500,0.0
2014-11-11,9.4,9.4,9.2,9.2,874700,-0.016043
2014-11-12,9.3,9.3,9.05,9.1,979200,-0.01087
2014-11-13,9.2,9.2,8.8,9.0,1604400,-0.010989
2014-11-14,9.0,9.0,8.9,9.0,810400,0.0
2014-11-17,9.1,9.1,8.9,9.0,562400,0.0
2014-11-18,8.95,9.0,8.9,8.95,942200,-0.005556
2014-11-19,9.0,9.05,8.9,9.0,333600,0.005587
2014-11-20,9.0,9.05,8.95,9.0,632700,0.0
2014-11-21,9.1,9.2,8.95,9.05,772800,0.005556
2014-11-24,9.15,9.15,8.9,9.05,704600,0.0
2014-11-25,8.95,9.0,8.8,8.8,3443600,-0.027624
2014-11-26,8.9,8.9,8.65,8.8,1313200,0.0
2014-11-27,8.9,8.9,8.7,8.8,456200,0.0
2014-11-28,8.8,8.8,8.55,8.6,1040400,-0.022727
2014-12-01,8.65,8.65,8.4,8.4,870900,-0.023256
2014-12-02,8.45,8.45,8.35,8.35,1757200,-0.005952
2014-12-03,8.4,8.4,8.25,8.25,1102000,-0.011976
2014-12-04,8.3,8.3,8.2,8.25,2863000,0.0
2014-12-08,8.3,8.35,8.2,8.25,1115300,0.0
2014-12-09,8.25,8.3,8.25,8.25,164700,0.0
2014-12-11,8.2,8.25,8.0,8.05,1295400,-0.024242
2014-12-12,8.1,8.15,8.0,8.05,995500,0.0
2014-12-15,8.0,8.0,7.7,7.85,2298000,-0.024845
2014-12-16,7.9,7.9,7.8,7.85,1163700,0.0
2014-12-17,7.8,7.85,7.75,7.85,1907800,0.0
2014-12-18,8.0,8.25,8.0,8.05,2094900,0.025478
2014-12-19,8.2,8.55,8.1,8.3,4037400,0.031056
2014-12-22,8.35,8.5,8.25,8.3,613800,0.0
2014-12-23,8.3,8.35,8.25,8.35,468300,0.006024
2014-12-24,8.35,8.35,8.05,8.1,537700,-0.02994
2014-12-25,8.1,8.15,7.85,8.15,434600,0.006173
2014-12-26,8.1,8.15,8.1,8.15,78200,0.0
2014-12-29,8.15,8.2,8.0,8.2,376100,0.006135
2014-12-30,8.1,8.6,8.05,8.6,1663600,0.04878
2015-01-05,8.55,8.55,8.3,8.3,452800,-0.034884
2015-01-06,8.15,8.35,8.15,8.3,107600,0.0
2015-01-07,8.2,8.35,8.2,8.3,214700,0.0
2015-01-08,8.5,8.65,8.35,8.35,1308400,0.006024
2015-01-09,8.55,8.85,8.55,8.75,3891600,0.047904
2015-01-12,8.75,8.8,8.7,8.7,1072600,-0.005714
2015-01-13,8.65,8.75,8.6,8.7,549000,0.0
2015-01-14,8.65,8.7,8.6,8.65,884900,-0.005747
2015-01-15,8.65,8.65,8.5,8.5,797000,-0.017341
2015-01-16,8.5,8.7,8.5,8.7,404700,0.023529
2015-01-19,8.7,8.7,8.5,8.6,680200,-0.011494
2015-01-20,8.55,8.65,8.55,8.65,293000,0.005814
2015-01-21,8.7,8.85,8.7,8.7,1612400,0.00578
2015-01-22,8.65,8.8,8.65,8.8,1517300,0.011494
2015-01-23,8.8,8.8,8.65,8.65,1947500,-0.017045
2015-01-26,8.7,8.75,8.65,8.7,1149600,0.00578
2015-01-27,8.7,8.75,8.55,8.75,729800,0.005747
2015-01-28,8.75,8.8,8.7,8.75,1410700,0.0
2015-01-29,8.75,8.75,8.65,8.65,1784100,-0.011429
2015-01-30,8.75,8.8,8.7,8.8,2970000,0.017341
2015-02-02,8.75,8.75,8.65,8.7,1363300,-0.011364
2015-02-03,8.7,8.95,8.7,8.8,4776700,0.011494
2015-02-04,8.9,9.2,8.9,9.1,10780400,0.034091
2015-02-05,9.1,9.1,8.9,8.95,1891300,-0.016484
2015-02-06,9.0,9.0,8.85,8.95,1497900,0.0
2015-02-09,8.85,8.9,8.8,8.8,454900,-0.01676
2015-02-10,8.8,8.8,8.7,8.75,1276800,-0.005682
2015-02-11,8.8,8.8,8.65,8.7,1003600,-0.005714
2015-02-12,8.65,8.9,8.65,8.85,6406000,0.017241
2015-02-13,8.85,9.05,8.85,8.9,6918200,0.00565
2015-02-16,9.0,9.05,8.9,9.0,3540300,0.011236
2015-02-17,9.0,9.0,8.9,8.9,1232200,-0.011111
2015-02-18,8.9,8.9,8.8,8.85,345100,-0.005618
2015-02-19,8.9,8.95,8.8,8.95,1145900,0.011299
2015-02-20,8.95,9.4,8.95,9.4,7769900,0.050279
2015-02-23,9.45,9.45,9.2,9.2,1154000,-0.021277
2015-02-24,9.25,9.35,9.1,9.1,1144500,-0.01087
2015-02-25,9.15,9.15,8.95,9.0,631300,-0.010989
2015-02-26,9.0,9.05,8.8,8.9,1801600,-0.011111
2015-02-27,8.85,9.0,8.8,8.9,1467200,0.0
2015-03-02,8.95,8.95,8.75,8.85,1744600,-0.005618
2015-03-03,8.8,8.9,8.7,8.85,1628800,0.0
2015-03-05,8.7,8.8,8.6,8.8,1944400,-0.00565
2015-03-06,8.7,8.85,8.7,8.85,958400,0.005682
2015-03-09,8.85,8.9,8.7,8.9,758100,0.00565
2015-03-10,8.9,8.9,8.75,8.85,572100,-0.005618
2015-03-11,8.8,8.95,8.75,8.95,632000,0.011299
2015-03-12,8.9,8.95,8.75,8.95,949400,0.0
2015-03-13,8.9,9.0,8.8,9.0,663100,0.005587
2015-03-16,9.0,9.0,8.8,8.95,759600,-0.005556
2015-03-17,8.95,8.95,8.8,8.95,760500,0.0
2015-03-18,8.85,9.0,8.85,8.9,677800,-0.005587
2015-03-19,8.85,8.95,8.75,8.95,1019700,0.005618
2015-03-20,8.85,8.95,8.65,8.8,5547300,-0.01676
2015-03-23,8.75,8.8,8.7,8.75,5069700,-0.005682
2015-03-24,8.75,8.75,8.65,8.65,2697500,-0.011429
2015-03-25,8.55,8.75,8.55,8.75,289600,0.011561
2015-03-26,8.7,8.7,8.6,8.6,445300,-0.017143
2015-03-27,8.55,8.65,8.35,8.35,1216500,-0.02907
2015-03-30,8.6,8.6,8.1,8.35,473800,0.0
2015-03-31,8.35,8.45,8.35,8.35,246300,0.0
2015-04-01,8.35,8.35,8.3,8.3,425100,-0.005988
2015-04-02,8.35,8.35,8.15,8.2,451500,-0.012048
2015-04-03,8.25,8.25,8.25,8.25,261700,0.006098
2015-04-07,8.25,8.9,8.25,8.45,185700,0.024242
2015-04-08,8.45,8.45,8.2,8.25,768400,-0.023669
2015-04-09,8.25,8.25,8.15,8.2,3612600,-0.006061
2015-04-10,8.3,8.35,8.25,8.25,258200,0.006098
2015-04-16,8.3,8.35,8.2,8.3,169200,0.006061
2015-04-17,8.3,8.35,8.3,8.3,966800,0.0
2015-04-20,8.35,8.45,8.15,8.2,1761100,-0.012048
2015-04-21,8.3,8.3,8.2,8.25,292900,0.006098
2015-04-22,8.25,8.25,8.2,8.25,280400,0.0
2015-04-23,8.25,8.25,8.2,8.2,55200,-0.006061
2015-04-24,8.3,8.35,8.25,8.3,135300,0.012195
2015-04-27,8.35,8.4,8.3,8.3,709300,0.0
2015-04-28,8.35,8.45,8.2,8.25,2941800,-0.006024
2015-04-29,8.3,8.3,8.2,8.2,223400,-0.006061
2015-04-30,8.2,8.2,8.0,8.05,148700,-0.018293
2015-05-06,8.0,8.15,7.95,8.15,114000,0.012422
2015-05-07,8.15,8.15,8.05,8.05,140500,-0.01227
2015-05-08,8.0,8.1,8.0,8.05,59500,0.0
2015-05-11,8.35,8.35,8.0,8.0,152400,-0.006211
2015-05-12,8.0,8.05,7.9,7.9,199500,-0.0125
2015-05-13,7.8,8.0,7.8,7.9,120800,0.0
2015-05-14,7.95,8.0,7.95,8.0,98700,0.012658
2015-05-15,7.9,8.05,7.9,8.0,370700,0.0
2015-05-18,7.95,8.0,7.9,8.0,102500,0.0
2015-05-19,8.0,8.0,7.95,7.95,398000,-0.00625
2015-05-20,7.95,8.05,7.9,8.05,372100,0.012579
2015-05-21,8.05,8.05,7.95,8.0,603500,-0.006211
2015-05-22,8.05,8.1,8.0,8.1,59800,0.0125
2015-05-25,8.1,8.15,8.05,8.15,155000,0.006173
2015-05-26,8.15,8.25,8.1,8.1,71500,-0.006135
2015-05-27,8.1,8.45,8.05,8.35,1026600,0.030864
2015-05-28,8.4,8.4,8.25,8.3,105400,-0.005988
2015-05-29,8.3,8.35,8.15,8.15,389700,-0.018072
2015-06-02,8.35,8.35,8.05,8.2,108500,0.006135
2015-06-03,8.2,8.2,8.1,8.15,38300,-0.006098
2015-06-04,8.15,8.2,8.1,8.15,80100,0.0
2015-06-05,8.05,8.15,8.05,8.1,164400,-0.006135
2015-06-08,8.05,8.1,8.0,8.0,216000,-0.012346
2015-06-09,8.0,8.05,7.95,8.0,133100,0.0
2015-06-10,8.0,8.1,8.0,8.0,79100,0.0
2015-06-11,8.0,8.1,8.0,8.0,128000,0.0
2015-06-12,8.0,8.0,7.95,8.0,127800,0.0
2015-06-15,8.0,8.0,7.95,8.0,47700,0.0
2015-06-16,8.0,8.0,7.95,8.0,292800,0.0
2015-06-17,8.0,8.0,7.95,7.95,368800,-0.00625
2015-06-18,8.0,8.1,7.95,7.95,1529900,0.0
2015-06-19,8.0,8.0,7.9,7.9,528400,-0.006289
2015-06-22,7.8,7.95,7.8,7.85,277800,-0.006329
2015-06-23,7.85,7.85,7.75,7.8,636600,-0.006369
2015-06-24,7.8,7.9,7.75,7.85,292000,0.00641
2015-06-25,7.85,7.95,7.8,7.95,178000,0.012739
2015-06-26,7.85,7.9,7.8,7.8,110600,-0.018868
2015-06-29,7.8,7.9,7.75,7.8,165300,0.0
2015-06-30,7.85,7.85,7.75,7.8,97700,0.0
2015-07-02,7.75,7.8,7.7,7.7,117000,-0.012821
2015-07-03,7.7,7.75,7.7,7.75,73300,0.006494
2015-07-06,7.75,7.75,7.5,7.5,313300,-0.032258
2015-07-07,7.5,7.5,7.4,7.45,395800,-0.006667
2015-07-08,7.45,7.45,7.3,7.35,331900,-0.013423
2015-07-09,7.35,7.35,7.25,7.3,330900,-0.006803
2015-07-10,7.3,7.35,7.25,7.3,364800,0.0
2015-07-13,7.3,7.35,7.3,7.35,207000,0.006849
2015-07-14,7.35,7.45,7.3,7.3,291400,-0.006803
2015-07-15,7.35,7.4,7.3,7.3,219200,0.0
2015-07-16,7.3,7.3,7.25,7.3,141100,0.0
2015-07-17,7.3,7.3,7.2,7.2,230700,-0.013699
2015-07-20,7.25,7.25,7.15,7.2,372100,0.0
2015-07-21,7.2,7.2,6.95,6.95,643600,-0.034722
2015-07-22,6.9,7.0,6.9,6.95,150400,0.0
2015-07-23,6.95,7.3,6.95,7.0,134800,0.007194
2015-07-24,7.0,7.0,6.95,6.95,92600,-0.007143
2015-07-27,6.9,6.9,6.75,6.75,225900,-0.028777
2015-07-28,6.7,6.75,6.65,6.7,173900,-0.007407
2015-07-29,6.8,6.8,6.7,6.75,48100,0.007463
2015-07-31,6.8,6.85,6.75,6.8,67900,0.007407
2015-08-03,6.7,6.8,6.7,6.8,155700,0.0
2015-08-04,6.8,6.8,6.75,6.75,87000,-0.007353
2015-08-05,6.7,6.75,6.7,6.75,153700,0.0
2015-08-06,6.75,6.75,6.7,6.75,185300,0.0
2015-08-07,6.75,6.85,6.75,6.8,91200,0.007407
2015-08-10,6.8,6.8,6.7,6.8,232400,0.0
2015-08-11,6.95,6.95,6.8,6.8,247000,0.0
2015-08-13,6.75,6.75,6.55,6.6,304400,-0.029412
2015-08-14,6.65,6.65,6.6,6.6,340000,0.0
2015-08-17,6.65,6.75,6.55,6.65,99700,0.007576
2015-08-18,6.55,6.6,6.35,6.45,364500,-0.030075
2015-08-19,6.45,6.6,6.45,6.6,259500,0.023256
2015-08-20,6.55,6.6,6.5,6.55,228300,-0.007576
2015-08-21,6.4,6.4,6.35,6.4,167700,-0.022901
2015-08-24,6.35,6.35,6.05,6.05,330200,-0.054688
2015-08-25,6.05,6.1,6.0,6.05,115800,0.0
2015-08-26,6.05,6.5,6.0,6.3,106000,0.041322
2015-08-27,6.6,6.6,6.3,6.3,100700,0.0
2015-08-28,6.3,6.4,6.3,6.35,66800,0.007937
2015-08-31,6.4,6.45,6.3,6.3,166100,-0.007874
2015-09-01,6.4,6.4,6.3,6.35,24700,0.007937
2015-09-02,6.35,6.5,6.35,6.5,34300,0.023622
2015-09-03,6.5,6.7,6.5,6.55,411900,0.007692
2015-09-04,6.55,6.6,6.55,6.6,83200,0.007634
2015-09-07,6.6,6.6,6.45,6.45,74300,-0.022727
2015-09-08,6.45,6.55,6.4,6.45,114100,0.0
2015-09-09,6.6,6.6,6.5,6.55,578100,0.015504
2015-09-10,6.65,6.65,6.5,6.55,166000,0.0
2015-09-11,6.65,6.7,6.45,6.55,1259500,0.0
2015-09-14,6.55,6.55,6.4,6.4,52900,-0.022901
2015-09-15,6.4,6.45,6.3,6.3,257500,-0.015625
2015-09-16,6.35,6.35,6.25,6.35,256700,0.007937
2015-09-17,6.3,6.3,6.25,6.3,614700,-0.007874
2015-09-18,6.3,6.3,6.2,6.25,260100,-0.007937
2015-09-21,6.25,6.25,6.1,6.15,531900,-0.016
2015-09-22,6.2,6.2,6.1,6.1,1436200,-0.00813
2015-09-23,6.15,6.15,5.9,6.0,1194600,-0.016393
2015-09-24,6.0,6.2,6.0,6.05,916700,0.008333
2015-09-25,6.15,6.45,6.15,6.25,3877400,0.033058
2015-09-28,6.35,6.5,6.2,6.25,1319100,0.0
2015-09-29,6.2,6.2,6.1,6.15,604800,-0.016
2015-09-30,6.3,6.3,6.1,6.15,864500,0.0
2015-10-01,6.15,6.2,6.1,6.15,208900,0.0
2015-10-02,6.15,6.25,6.15,6.2,201100,0.00813
2015-10-05,6.2,6.25,6.2,6.2,574100,0.0
2015-10-06,6.3,6.3,6.05,6.1,1063100,-0.016129
2015-10-07,6.1,6.1,6.0,6.05,498100,-0.008197
2015-10-08,6.05,6.1,6.0,6.05,368400,0.0
2015-10-09,6.05,6.1,6.0,6.05,571200,0.0
2015-10-12,6.1,6.1,6.0,6.0,292600,-0.008264
2015-10-13,6.0,6.0,5.85,5.9,1135300,-0.016667
2015-10-14,5.9,5.95,5.85,5.9,401000,0.0
2015-10-15,5.95,6.0,5.85,5.9,436400,0.0
2015-10-16,5.95,5.95,5.85,5.85,476100,-0.008475
2015-10-19,5.85,6.0,5.85,5.9,801600,0.008547
2015-10-20,5.9,5.95,5.85,5.9,404700,0.0
2015-10-21,5.9,5.9,5.8,5.85,505700,-0.008475
2015-10-22,5.85,5.85,5.8,5.8,297800,-0.008547
2015-10-26,5.8,5.85,5.8,5.85,358700,0.008621
2015-10-27,5.85,5.95,5.75,5.75,1908200,-0.017094
2015-10-28,5.8,5.8,5.6,5.65,1146000,-0.017391
2015-10-29,5.7,5.8,5.55,5.6,1404300,-0.00885
2015-10-30,5.6,5.65,5.55,5.55,343700,-0.008929
2015-11-02,5.55,5.7,5.55,5.7,2087400,0.027027
2015-11-03,5.75,5.85,5.7,5.75,653000,0.008772
2015-11-04,5.8,5.9,5.75,5.85,293200,0.017391
2015-11-05,5.8,5.95,5.7,5.8,1303100,-0.008547
2015-11-06,5.8,6.05,5.8,6.0,1957600,0.034483
2015-11-09,6.0,6.0,5.75,5.75,600200,-0.041667
2015-11-10,5.8,5.85,5.7,5.85,1004600,0.017391
2015-11-11,5.8,5.8,5.7,5.8,421900,-0.008547
2015-11-12,5.75,5.75,5.7,5.75,555700,-0.008621
2015-11-13,5.7,5.75,5.65,5.7,519600,-0.008696
2015-11-16,5.65,5.75,5.6,5.75,321200,0.008772
2015-11-17,5.8,5.8,5.7,5.7,158000,-0.008696
2015-11-18,5.7,5.75,5.65,5.7,124400,0.0
2015-11-19,5.7,5.75,5.6,5.6,462500,-0.017544
2015-11-20,5.65,5.7,5.6,5.6,217300,0.0
2015-11-23,5.6,5.65,5.6,5.65,174300,0.008929
2015-11-24,5.65,5.65,5.6,5.6,155900,-0.00885
2015-11-25,5.6,5.6,5.55,5.6,183000,0.0
2015-11-26,5.6,5.6,5.5,5.5,252400,-0.017857
2015-11-27,5.5,5.55,5.5,5.55,163400,0.009091
2015-11-30,5.55,5.55,5.2,5.3,3326900,-0.045045
2015-12-01,5.4,5.4,5.2,5.3,782100,0.0
2015-12-02,5.3,5.35,5.3,5.3,334600,0.0
2015-12-03,5.3,5.4,5.25,5.3,349300,0.0
2015-12-04,5.3,5.35,5.2,5.3,773800,0.0
2015-12-08,5.2,5.35,5.15,5.3,567700,0.0
2015-12-09,5.2,5.4,5.2,5.4,270400,0.018868
2015-12-11,5.25,5.3,5.2,5.25,288400,-0.027778
2015-12-14,5.2,5.2,5.1,5.15,330000,-0.019048
2015-12-15,5.2,5.2,5.1,5.2,732400,0.009709
2015-12-16,5.2,5.2,5.0,5.2,1413200,0.0
2015-12-17,5.2,5.4,5.1,5.4,221600,0.038462
2015-12-18,5.3,5.35,5.2,5.25,79000,-0.027778
2015-12-21,5.2,5.25,5.15,5.25,528300,0.0
2015-12-22,5.25,5.35,5.15,5.35,491800,0.019048
2015-12-23,5.25,5.35,5.25,5.35,1099300,0.0
2015-12-24,5.4,5.4,5.25,5.4,322800,0.009346
2015-12-25,5.4,5.4,5.25,5.25,121100,-0.027778
2015-12-28,5.25,5.3,5.2,5.25,64900,0.0
2015-12-29,5.25,5.3,5.2,5.3,586800,0.009524
2015-12-30,5.25,5.45,5.25,5.45,832600,0.028302
2016-01-04,5.25,5.4,5.25,5.3,181100,-0.027523
2016-01-05,5.3,5.4,5.2,5.3,812300,0.0
2016-01-06,5.3,5.4,5.25,5.4,210900,0.018868
2016-01-07,5.4,5.4,5.25,5.3,220100,-0.018519
2016-01-08,5.25,5.35,5.25,5.25,2229800,-0.009434
2016-01-11,5.25,5.25,5.2,5.25,2223500,0.0
2016-01-12,5.25,5.25,5.2,5.25,401500,0.0
2016-01-13,5.25,5.25,5.2,5.25,523300,0.0
2016-01-14,5.2,5.2,5.2,5.2,815800,-0.009524
2016-01-15,5.25,5.25,5.15,5.15,284900,-0.009615
2016-01-18,5.15,5.2,5.15,5.15,49700,0.0
2016-01-19,5.2,5.25,5.15,5.2,1423900,0.009709
2016-01-20,5.2,5.25,5.1,5.15,2265700,-0.009615
2016-01-21,5.1,5.2,5.1,5.2,1448100,0.009709
2016-01-22,5.2,5.2,5.1,5.15,186800,-0.009615
2016-01-25,5.15,5.15,5.1,5.1,451300,-0.009709
2016-01-26,5.1,5.15,5.05,5.05,757300,-0.009804
2016-01-27,5.1,5.15,5.1,5.1,72500,0.009901
2016-01-28,5.1,5.1,5.0,5.05,1195900,-0.009804
2016-01-29,5.1,5.1,5.0,5.05,369400,0.0
2016-02-01,5.1,5.1,5.0,5.05,829200,0.0
2016-02-02,5.1,5.15,5.05,5.15,140300,0.019802
2016-02-03,5.15,5.15,5.0,5.15,636800,0.0
2016-02-04,5.15,5.15,5.0,5.0,380200,-0.029126
2016-02-05,5.05,5.05,5.0,5.05,7932600,0.01
2016-02-08,5.05,5.05,4.98,5.05,197500,0.0
2016-02-09,5.05,5.05,5.0,5.0,58400,-0.009901
2016-02-10,5.0,5.45,5.0,5.25,659700,0.05
2016-02-11,5.25,5.25,5.05,5.1,593500,-0.028571
2016-02-12,5.1,5.1,4.98,5.0,6632900,-0.019608
2016-02-15,5.05,5.1,5.0,5.05,55100,0.01
2016-02-16,5.05,5.05,4.98,5.0,849800,-0.009901
2016-02-17,5.05,5.05,4.98,5.0,311900,0.0
2016-02-18,5.0,5.05,4.98,5.05,486000,0.01
2016-02-19,5.0,5.15,5.0,5.1,125100,0.009901
2016-02-23,5.05,5.1,5.0,5.0,37200,-0.019608
2016-02-24,5.1,5.1,4.98,5.05,340400,0.01
2016-02-25,5.05,5.05,5.0,5.05,147000,0.0
2016-02-26,5.1,5.1,5.0,5.1,73600,0.009901
2016-02-29,5.1,5.1,5.05,5.1,105000,0.0
2016-03-01,5.05,5.1,5.0,5.1,1868900,0.0
2016-03-02,5.1,5.1,5.0,5.05,2084400,-0.009804
2016-03-03,5.05,5.05,5.0,5.0,1798800,-0.009901
2016-03-04,5.05,5.1,5.0,5.05,1350400,0.01
2016-03-07,5.05,5.1,5.0,5.05,246400,0.0
2016-03-08,5.05,5.1,5.05,5.05,223900,0.0
2016-03-09,5.05,5.1,5.05,5.05,57600,0.0
2016-03-10,5.05,5.15,5.05,5.1,329700,0.009901
2016-03-11,5.1,5.1,5.05,5.1,273300,0.0
2016-03-14,5.05,5.1,5.05,5.1,192300,0.0
2016-03-15,5.05,5.1,5.0,5.05,1315300,-0.009804
2016-03-16,5.05,5.1,5.05,5.1,134700,0.009901
2016-03-17,5.05,5.15,5.05,5.15,400000,0.009804
2016-03-18,5.25,5.3,5.1,5.3,358800,0.029126
2016-03-21,5.3,5.3,5.15,5.3,233500,0.0
2016-03-22,5.2,5.3,5.15,5.25,180200,-0.009434
2016-03-23,5.25,5.25,5.15,5.25,275500,0.0
2016-03-24,5.3,5.3,5.15,5.3,172500,0.009524
2016-03-25,5.3,5.3,5.15,5.25,318100,-0.009434
2016-03-28,5.2,5.25,5.15,5.25,270600,0.0
2016-03-29,5.25,5.35,5.15,5.35,374000,0.019048
2016-03-30,5.3,5.4,5.25,5.3,117000,-0.009346
2016-03-31,5.35,5.4,5.25,5.4,212000,0.018868
2016-04-01,5.45,5.45,5.35,5.45,211900,0.009259
2016-04-04,5.45,5.5,5.3,5.5,244300,0.009174
2016-04-05,5.45,5.5,5.4,5.45,195900,-0.009091
2016-04-07,5.4,5.4,5.35,5.35,83200,-0.018349
2016-04-08,5.35,5.4,5.3,5.4,103300,0.009346
2016-04-11,5.3,5.5,5.3,5.5,177900,0.018519
2016-04-12,5.5,5.6,5.4,5.6,276600,0.018182
2016-04-18,5.6,5.6,5.5,5.55,82300,-0.008929
2016-04-19,5.5,5.55,5.4,5.55,77900,0.0
2016-04-20,5.5,5.7,5.45,5.65,199200,0.018018
2016-04-21,5.65,5.7,5.6,5.65,68700,0.0
2016-04-22,5.65,5.65,5.45,5.45,246500,-0.035398
2016-04-25,5.55,5.55,5.4,5.55,122600,0.018349
2016-04-26,5.55,5.6,5.25,5.4,828000,-0.027027
2016-04-27,5.4,5.45,5.3,5.45,204700,0.009259
2016-04-28,5.45,5.45,5.3,5.4,252400,-0.009174
2016-04-29,5.3,5.3,5.2,5.25,338300,-0.027778
2016-05-03,5.25,5.45,5.25,5.45,315100,0.038095
2016-05-04,5.45,5.55,5.3,5.55,203600,0.018349
2016-05-09,5.55,5.6,5.4,5.55,105000,0.0
2016-05-10,5.55,5.55,5.4,5.55,201900,0.0
2016-05-11,5.5,5.5,5.45,5.45,14600,-0.018018
2016-05-12,5.4,5.45,5.3,5.45,201000,0.0
2016-05-13,5.45,5.45,5.3,5.3,163000,-0.027523
2016-05-16,5.25,5.4,5.25,5.35,50100,0.009434
2016-05-17,5.3,5.4,5.25,5.4,173900,0.009346
2016-05-18,5.35,5.4,5.3,5.4,132500,0.0
2016-05-19,5.4,5.4,5.3,5.35,74300,-0.009259
2016-05-23,5.3,5.4,5.3,5.35,20300,0.0
2016-05-24,5.3,5.4,5.3,5.4,107400,0.009346
2016-05-25,5.35,5.4,5.3,5.4,182700,0.0
2016-05-26,5.35,5.35,5.25,5.35,191000,-0.009259
2016-05-27,5.35,5.35,5.25,5.3,188500,-0.009346
2016-05-30,5.3,5.3,5.25,5.3,181100,0.0
2016-05-31,5.3,5.3,5.25,5.25,170400,-0.009434
2016-06-01,5.3,5.3,5.25,5.3,126500,0.009524
2016-06-02,5.3,5.3,5.25,5.25,249200,-0.009434
2016-06-03,5.3,5.3,5.25,5.3,56100,0.009524
2016-06-06,5.35,5.35,5.25,5.35,174000,0.009434
2016-06-07,5.35,5.4,5.3,5.3,156900,-0.009346
2016-06-08,5.3,5.3,5.25,5.25,62500,-0.009434
2016-06-09,5.25,5.3,5.25,5.3,339500,0.009524
2016-06-10,5.3,5.3,5.25,5.3,101600,0.0
2016-06-13,5.3,5.3,5.25,5.25,116600,-0.009434
2016-06-14,5.3,5.3,5.25,5.3,458500,0.009524
2016-06-15,5.35,5.35,5.25,5.3,13000,0.0
2016-06-16,5.3,5.3,5.25,5.3,168000,0.0
2016-06-17,5.3,5.3,5.25,5.3,68900,0.0
2016-06-20,5.25,5.3,5.25,5.3,123400,0.0
2016-06-21,5.3,5.3,5.25,5.3,62500,0.0
2016-06-22,5.25,5.3,5.25,5.3,54200,0.0
2016-06-23,5.3,5.3,5.25,5.3,58700,0.0
2016-06-24,5.25,5.3,5.2,5.25,377300,-0.009434
2016-06-27,5.35,5.35,5.25,5.3,21100,0.009524
2016-06-28,5.3,5.3,5.25,5.3,88900,0.0
2016-06-29,5.3,5.3,5.25,5.25,345200,-0.009434
2016-06-30,5.3,5.3,5.25,5.25,80000,0.0
2016-07-04,5.3,5.5,5.25,5.5,545900,0.047619
2016-07-05,5.45,5.9,5.45,5.8,1707700,0.054545
2016-07-06,6.05,6.3,5.85,6.0,2135400,0.034483
2016-07-07,6.15,6.15,5.75,5.8,645800,-0.033333
2016-07-08,5.75,5.85,5.7,5.85,391000,0.008621
2016-07-11,5.85,5.85,5.75,5.8,175200,-0.008547
2016-07-12,5.8,5.8,5.65,5.65,884800,-0.025862
2016-07-13,5.6,5.7,5.6,5.7,644700,0.00885
2016-07-14,5.7,5.7,5.65,5.65,98600,-0.008772
2016-07-15,5.65,5.7,5.6,5.6,242200,-0.00885
2016-07-20,5.6,5.7,5.6,5.65,1239900,0.008929
2016-07-21,5.7,5.75,5.6,5.65,85800,0.0
2016-07-22,5.65,5.7,5.6,5.6,59600,-0.00885
2016-07-25,5.6,5.6,5.55,5.55,266200,-0.008929
2016-07-26,5.5,5.6,5.5,5.6,96800,0.009009
2016-07-27,5.6,5.6,5.5,5.5,255500,-0.017857
2016-07-28,5.55,5.55,5.5,5.5,238900,0.0
2016-07-29,5.5,5.75,5.5,5.6,782000,0.018182
2016-08-01,5.6,5.6,5.5,5.55,226900,-0.008929
2016-08-02,5.55,5.55,5.5,5.5,372700,-0.009009
2016-08-03,5.5,5.55,5.5,5.5,50800,0.0
2016-08-04,5.6,5.85,5.55,5.85,922000,0.063636
2016-08-05,5.95,6.0,5.75,5.75,885200,-0.017094
2016-08-08,5.9,5.9,5.65,5.65,524400,-0.017391
2016-08-09,5.55,5.65,5.5,5.55,1111700,-0.017699
2016-08-10,5.55,5.6,5.4,5.5,869600,-0.009009
2016-08-11,5.45,5.5,5.4,5.45,414700,-0.009091
2016-08-15,5.45,5.65,5.45,5.5,519800,0.009174
2016-08-16,5.55,5.55,5.45,5.5,264500,0.0
2016-08-17,5.4,5.5,5.4,5.45,152800,-0.009091
2016-08-18,5.5,5.5,5.45,5.45,79700,0.0
2016-08-19,5.5,5.5,5.4,5.45,168000,0.0
2016-08-22,5.4,5.45,5.35,5.4,563300,-0.009174
2016-08-23,5.35,5.4,5.25,5.3,422700,-0.018519
2016-08-24,5.3,5.3,5.25,5.25,96000,-0.009434
2016-08-25,5.3,5.35,5.25,5.3,64400,0.009524
2016-08-26,5.3,5.3,5.15,5.2,1034900,-0.018868
2016-08-29,5.2,5.2,5.05,5.05,649700,-0.028846
2016-08-30,5.1,5.15,5.05,5.1,187100,0.009901
2016-08-31,5.1,5.1,5.1,5.1,89400,0.0
2016-09-01,5.1,5.15,5.05,5.15,229300,0.009804
2016-09-02,5.15,5.15,5.05,5.1,510300,-0.009709
2016-09-05,5.1,5.1,5.0,5.05,1274200,-0.009804
2016-09-06,5.0,5.1,5.0,5.1,486400,0.009901
2016-09-07,5.05,5.1,5.0,5.1,1480500,0.0
2016-09-08,5.1,5.1,4.98,5.0,4115200,-0.019608
2016-09-09,5.0,5.0,4.86,4.92,1687000,-0.016
2016-09-12,4.92,4.92,4.82,4.84,636500,-0.01626
2016-09-13,4.86,4.94,4.86,4.94,170500,0.020661
2016-09-14,4.94,4.94,4.86,4.94,180500,0.0
2016-09-15,4.92,4.98,4.92,4.92,99100,-0.004049
2016-09-16,4.92,4.92,4.86,4.88,162200,-0.00813
2016-09-19,4.9,4.96,4.88,4.94,29000,0.012295
2016-09-20,4.94,4.94,4.86,4.9,284700,-0.008097
2016-09-21,4.86,4.9,4.86,4.88,121100,-0.004082
2016-09-22,4.9,4.92,4.88,4.9,112300,0.004098
2016-09-23,4.9,4.9,4.88,4.9,112500,0.0
2016-09-26,4.9,4.9,4.82,4.88,234800,-0.004082
2016-09-27,4.88,4.9,4.86,4.88,233300,0.0
2016-09-28,4.88,4.9,4.84,4.84,126000,-0.008197
2016-09-29,4.84,4.88,4.84,4.88,62200,0.008264
2016-09-30,4.86,4.88,4.86,4.88,45600,0.0
2016-10-03,4.9,4.94,4.84,4.84,125100,-0.008197
2016-10-04,4.86,4.9,4.86,4.9,108200,0.012397
2016-10-05,4.88,4.9,4.84,4.9,236800,0.0
2016-10-06,4.86,4.88,4.84,4.86,193700,-0.008163
2016-10-07,4.86,4.86,4.84,4.84,154800,-0.004115
2016-10-10,4.8,4.8,4.66,4.7,686000,-0.028926
2016-10-11,4.66,4.68,4.6,4.6,297900,-0.021277
2016-10-12,4.58,4.58,4.3,4.34,469000,-0.056522
2016-10-13,4.18,4.52,4.1,4.12,429400,-0.050691
2016-10-14,4.24,4.42,4.24,4.42,128700,0.072816
2016-10-17,4.42,4.6,4.42,4.52,168200,0.022624
2016-10-18,4.54,4.62,4.46,4.56,90300,0.00885
2016-10-19,4.52,4.58,4.52,4.56,188900,0.0
2016-10-20,4.58,4.66,4.56,4.58,99300,0.004386
2016-10-21,4.58,4.66,4.58,4.64,51900,0.0131
2016-10-25,4.66,4.68,4.64,4.68,119500,0.008621
2016-10-26,4.68,4.7,4.64,4.68,60600,0.0
2016-10-27,4.68,4.7,4.66,4.66,139200,-0.004274
2016-10-28,4.7,4.84,4.7,4.76,30800,0.021459
2016-10-31,4.86,4.86,4.72,4.72,41000,-0.008403
2016-11-01,4.72,4.8,4.72,4.76,8300,0.008475
2016-11-02,4.76,4.76,4.68,4.68,83600,-0.016807
2016-11-03,4.68,4.7,4.66,4.68,84800,0.0
2016-11-04,4.64,4.66,4.58,4.58,207500,-0.021368
2016-11-07,4.56,4.66,4.56,4.66,110500,0.017467
2016-11-08,4.66,4.66,4.54,4.62,208600,-0.008584
2016-11-09,4.58,4.62,4.58,4.58,124500,-0.008658
2016-11-10,4.58,4.58,4.56,4.56,51000,-0.004367
2016-11-11,4.56,4.6,4.48,4.5,387800,-0.013158
2016-11-14,4.5,4.5,4.4,4.42,590100,-0.017778
2016-11-15,4.42,4.44,4.38,4.44,148400,0.004525
2016-11-16,4.44,4.5,4.44,4.44,110400,0.0
2016-11-17,4.44,4.46,4.44,4.46,104300,0.004505
2016-11-18,4.46,4.52,4.46,4.52,67100,0.013453
2016-11-21,4.5,4.5,4.48,4.5,116800,-0.004425
2016-11-22,4.48,4.72,4.48,4.62,489500,0.026667
2016-11-23,4.64,5.05,4.64,4.8,1737700,0.038961
2016-11-24,4.84,4.84,4.66,4.66,299900,-0.029167
2016-11-25,4.7,4.7,4.6,4.7,82500,0.008584
2016-11-28,4.68,4.88,4.68,4.88,96800,0.038298
2016-11-29,4.88,4.9,4.78,4.8,180700,-0.016393
2016-11-30,4.8,4.8,4.74,4.78,36400,-0.004167
2016-12-01,4.74,4.78,4.72,4.76,29600,-0.004184
2016-12-02,4.78,4.78,4.74,4.76,32400,0.0
2016-12-06,4.94,4.94,4.82,4.84,221900,0.016807
2016-12-07,4.88,4.88,4.82,4.86,47700,0.004132
2016-12-08,4.86,4.88,4.84,4.88,31100,0.004115
2016-12-09,4.88,4.9,4.82,4.84,57000,-0.008197
2016-12-13,4.9,4.9,4.74,4.8,114200,-0.008264
2016-12-14,4.8,4.9,4.76,4.86,223700,0.0125
2016-12-15,4.86,5.15,4.78,5.15,1594100,0.059671
2016-12-16,5.2,5.25,5.1,5.2,1435300,0.009709
2016-12-19,5.15,5.15,5.0,5.05,168000,-0.028846
2016-12-20,5.0,5.1,4.9,5.05,606600,0.0
2016-12-21,5.0,5.05,4.9,5.0,154200,-0.009901
2016-12-22,5.0,5.05,4.96,4.98,138900,-0.004
2016-12-23,5.0,5.05,4.94,4.94,380300,-0.008032
2016-12-26,4.94,4.96,4.92,4.96,143100,0.004049
2016-12-27,4.96,4.96,4.9,4.9,136300,-0.012097
2016-12-28,4.9,4.9,4.84,4.84,248300,-0.012245
2016-12-29,4.84,4.88,4.82,4.82,182000,-0.004132
2016-12-30,4.82,5.0,4.82,5.0,1133900,0.037344
2017-01-04,5.0,5.1,4.96,5.05,369800,0.01
2017-01-05,5.05,5.4,5.05,5.2,2110200,0.029703
2017-01-06,5.25,5.25,5.2,5.2,360100,0.0
2017-01-09,5.2,5.2,5.1,5.1,79900,-0.019231
2017-01-10,5.05,5.15,5.05,5.15,201300,0.009804
2017-01-11,5.05,5.15,5.05,5.05,209600,-0.019417
2017-01-12,5.05,5.15,5.0,5.15,358800,0.019802
2017-01-13,5.1,5.15,5.05,5.1,166400,-0.009709
2017-01-16,5.05,5.1,5.05,5.1,301400,0.0
2017-01-17,5.05,5.1,5.0,5.0,234500,-0.019608
2017-01-18,5.05,5.1,5.0,5.1,259600,0.02
2017-01-19,5.05,5.1,5.0,5.1,160500,0.0
2017-01-20,5.05,5.1,5.0,5.05,428400,-0.009804
2017-01-23,5.05,5.1,4.98,5.1,522700,0.009901
2017-01-24,5.05,5.1,5.0,5.1,995900,0.0
2017-01-25,5.05,5.1,5.0,5.1,231400,0.0
2017-01-26,5.1,5.1,5.0,5.1,593600,0.0
2017-01-27,5.1,5.15,5.05,5.15,657700,0.009804
2017-01-30,5.15,5.15,5.1,5.1,482300,-0.009709
2017-01-31,5.1,5.1,5.1,5.1,153100,0.0
2017-02-01,5.1,5.15,5.05,5.1,815400,0.0
2017-02-02,5.1,5.1,5.05,5.1,410500,0.0
2017-02-03,5.0,5.05,5.0,5.05,675800,-0.009804
2017-02-06,5.0,5.1,5.0,5.0,223500,-0.009901
2017-02-07,5.0,5.05,4.98,5.0,116700,0.0
2017-02-08,4.98,5.0,4.96,4.96,166800,-0.008
2017-02-09,4.96,5.0,4.94,4.98,150200,0.004032
2017-02-10,4.94,5.0,4.94,4.96,90500,-0.004016
2017-02-14,4.96,4.98,4.96,4.96,53500,0.0
2017-02-15,4.96,4.98,4.96,4.96,39200,0.0
2017-02-16,4.94,5.0,4.94,5.0,119300,0.008065
2017-02-17,5.05,5.05,4.96,5.0,156300,0.0
2017-02-20,5.0,5.0,4.94,5.0,253900,0.0
2017-02-21,4.94,4.98,4.94,4.94,168700,-0.012
2017-02-22,4.92,5.0,4.92,5.0,65900,0.012146
2017-02-23,4.94,4.98,4.94,4.94,99800,-0.012
2017-02-24,4.94,5.05,4.9,5.0,339600,0.012146
2017-02-27,5.0,5.0,4.92,5.0,83200,0.0
2017-02-28,4.92,5.0,4.92,5.0,218200,0.0
2017-03-01,5.0,5.0,4.94,5.0,349400,0.0
2017-03-02,4.96,5.0,4.96,4.98,180000,-0.004
2017-03-03,4.98,5.1,4.96,5.05,354700,0.014056
2017-03-06,5.05,5.1,5.0,5.05,220000,0.0
2017-03-07,5.0,5.05,4.96,5.05,930000,0.0
2017-03-08,5.15,5.35,5.05,5.25,2353900,0.039604
2017-03-09,5.35,5.6,5.3,5.5,4381300,0.047619
2017-03-10,5.45,5.75,5.4,5.65,4579000,0.027273
2017-03-13,5.7,5.85,5.1,5.35,4963500,-0.053097
2017-03-14,5.3,5.55,5.25,5.5,879200,0.028037
2017-03-15,5.5,5.55,5.4,5.5,649800,0.0
2017-03-16,5.65,5.9,5.55,5.8,2383500,0.054545
2017-03-17,5.8,5.8,5.65,5.8,593400,0.0
2017-03-20,5.7,5.75,5.55,5.65,555100,-0.025862
2017-03-21,5.7,5.85,5.7,5.8,768700,0.026549
2017-03-22,5.7,5.9,5.65,5.75,575100,-0.008621
2017-03-23,5.75,6.0,5.75,5.9,1547300,0.026087
2017-03-24,5.95,5.95,5.9,5.9,678700,0.0
2017-03-27,5.9,5.9,5.85,5.9,336900,0.0
2017-03-28,5.9,5.95,5.8,5.95,1271300,0.008475
2017-03-29,5.95,6.0,5.9,6.0,808200,0.008403
2017-03-30,6.05,6.15,6.0,6.0,1388800,0.0
2017-03-31,5.9,6.1,5.9,6.05,562300,0.008333
2017-04-03,6.1,6.1,5.95,6.1,656600,0.008264
2017-04-04,6.05,6.05,5.95,6.0,378800,-0.016393
2017-04-05,5.95,5.95,5.85,5.9,421300,-0.016667
2017-04-07,5.8,5.9,5.8,5.9,409900,0.0
2017-04-10,5.85,5.95,5.75,5.8,1285900,-0.016949
2017-04-11,5.8,5.8,5.7,5.7,406400,-0.017241
2017-04-12,5.8,5.8,5.55,5.6,1237800,-0.017544
2017-04-17,5.55,5.55,5.45,5.55,1305700,-0.008929
2017-04-18,5.55,5.6,5.5,5.55,1008000,0.0
2017-04-19,5.55,5.55,5.3,5.45,1021300,-0.018018
2017-04-20,5.4,5.45,5.4,5.45,465100,0.0
2017-04-21,5.5,5.5,5.4,5.45,246900,0.0
2017-04-24,5.35,5.45,5.35,5.45,346300,0.0
2017-04-25,5.35,5.45,5.35,5.4,616800,-0.009174
2017-04-26,5.4,5.5,5.4,5.5,287700,0.018519
2017-04-27,5.4,5.5,5.4,5.45,47600,-0.009091
2017-04-28,5.5,5.5,5.45,5.5,93400,0.009174
2017-05-02,5.5,5.55,5.45,5.55,120000,0.009091
2017-05-03,5.5,5.65,5.5,5.65,740400,0.018018
2017-05-04,5.65,5.65,5.65,5.65,549500,0.0
2017-05-05,5.65,5.75,5.55,5.75,704900,0.017699
2017-05-08,5.7,5.7,5.6,5.7,989200,-0.008696
2017-05-09,5.7,5.8,5.7,5.8,832400,0.017544
2017-05-11,5.75,5.8,5.65,5.75,647300,-0.008621
2017-05-12,5.75,5.75,5.65,5.75,546900,0.0
2017-05-15,5.75,5.9,5.75,5.9,590500,0.026087
2017-05-16,5.95,6.2,5.9,6.15,3167100,0.042373
2017-05-17,6.25,6.4,6.2,6.4,2809300,0.04065
2017-05-18,6.4,6.4,6.3,6.4,751300,0.0
2017-05-19,6.4,6.55,6.35,6.45,1851300,0.007812
2017-05-22,6.55,6.55,6.35,6.45,746300,0.0
2017-05-23,6.45,6.5,6.4,6.5,689500,0.007752
2017-05-24,6.45,6.55,6.45,6.55,509700,0.007692
2017-05-25,6.55,6.75,6.55,6.75,2299900,0.030534
2017-05-26,6.75,6.9,6.75,6.9,1860400,0.022222
2017-05-29,6.85,6.9,6.75,6.85,741900,-0.007246
2017-05-30,6.9,7.1,6.85,6.95,1794400,0.014599
2017-05-31,7.05,7.05,6.95,7.0,1398800,0.007194
2017-06-01,6.95,7.0,6.95,7.0,445600,0.0
2017-06-02,7.05,7.1,6.85,6.85,1323000,-0.021429
2017-06-05,6.8,7.05,6.75,7.05,2429600,0.029197
2017-06-06,7.0,7.05,7.0,7.05,291900,0.0
2017-06-07,7.0,7.05,7.0,7.0,460300,-0.007092
2017-06-08,7.0,7.05,6.95,7.05,258300,0.007143
2017-06-09,7.0,7.05,7.0,7.05,1330800,0.0
2017-06-12,7.0,7.45,7.0,7.4,4582300,0.049645
2017-06-13,7.4,7.4,7.2,7.4,1500200,0.0
2017-06-14,7.4,7.4,7.25,7.4,816500,0.0
2017-06-15,7.4,7.5,7.35,7.45,940100,0.006757
2017-06-16,7.45,7.5,7.4,7.4,1337000,-0.006711
2017-06-19,7.4,7.55,7.4,7.5,417600,0.013514
2017-06-20,7.55,7.6,7.45,7.45,754200,-0.006667
2017-06-21,7.45,7.55,7.45,7.5,554800,0.006711
2017-06-22,7.5,7.55,7.4,7.55,1041700,0.006667
2017-06-23,7.5,7.55,7.3,7.55,2203300,0.0
2017-06-26,7.5,7.5,7.35,7.5,738500,-0.006623
2017-06-27,7.35,7.4,7.35,7.4,348100,-0.013333
2017-06-28,7.35,7.45,7.25,7.45,1656000,0.006757
2017-06-29,7.45,7.5,7.4,7.5,1105600,0.006711
2017-06-30,7.45,7.5,7.3,7.4,979300,-0.013333
2017-07-03,7.3,7.5,7.3,7.5,1425500,0.013514
2017-07-04,7.5,7.5,7.35,7.4,461000,-0.013333
2017-07-05,7.3,7.45,7.3,7.3,478100,-0.013514
2017-07-06,7.3,7.4,7.0,7.05,2871900,-0.034247
2017-07-07,7.0,7.15,7.0,7.15,689400,0.014184
2017-07-11,7.25,7.25,6.6,6.85,3835400,-0.041958
2017-07-12,6.7,6.85,6.7,6.85,630500,0.0
2017-07-13,6.95,7.0,6.85,7.0,73000,0.021898
2017-07-14,7.0,7.05,6.9,7.0,213100,0.0
2017-07-17,6.75,7.1,6.75,7.1,336600,0.014286
2017-07-18,7.1,7.1,6.95,7.1,481900,0.0
2017-07-19,7.15,7.15,7.05,7.15,73500,0.007042
2017-07-20,7.05,7.15,7.05,7.15,183600,0.0
2017-07-21,7.15,7.2,6.8,7.0,1256000,-0.020979
2017-07-24,6.9,7.15,6.9,7.15,209300,0.021429
2017-07-25,7.1,7.2,7.0,7.2,574700,0.006993
2017-07-26,7.25,7.25,7.2,7.25,349300,0.006944
2017-07-27,7.25,7.25,7.1,7.2,358100,-0.006897
2017-07-31,7.05,7.25,7.05,7.25,569300,0.006944
2017-08-01,7.2,7.25,7.15,7.25,816500,0.0
2017-08-02,7.25,7.25,7.15,7.25,529000,0.0
2017-08-03,7.2,7.35,7.2,7.35,1125000,0.013793
2017-08-04,7.35,7.4,7.25,7.4,1401800,0.006803
2017-08-07,7.4,7.4,7.3,7.4,682100,0.0
2017-08-08,7.8,7.85,7.3,7.3,7036700,-0.013514
2017-08-09,7.35,7.35,7.2,7.3,426200,0.0
2017-08-10,7.2,7.3,7.2,7.25,704300,-0.006849
2017-08-11,7.15,7.15,6.85,7.0,1239000,-0.034483
2017-08-15,6.85,7.0,6.85,7.0,623100,0.0
2017-08-16,6.9,7.05,6.9,7.05,343300,0.007143
2017-08-17,7.0,7.1,7.0,7.1,212700,0.007092
2017-08-18,7.05,7.1,7.0,7.1,778000,0.0
2017-08-21,6.95,7.1,6.95,7.1,142100,0.0
2017-08-22,6.9,7.05,6.9,7.05,176000,-0.007042
2017-08-23,7.0,7.05,7.0,7.05,328700,0.0
2017-08-24,7.0,7.1,7.0,7.1,314900,0.007092
2017-08-25,6.9,7.1,6.9,7.1,208600,0.0
2017-08-28,7.1,7.15,7.05,7.1,678800,0.0
2017-08-29,7.1,7.1,7.0,7.1,501500,0.0
2017-08-30,7.1,7.1,7.05,7.1,1152800,0.0
2017-08-31,7.05,7.1,7.0,7.1,525300,0.0
2017-09-01,7.0,7.1,7.0,7.1,332300,0.0
2017-09-04,7.1,7.15,7.05,7.1,627800,0.0
2017-09-05,7.1,7.15,7.05,7.1,80200,0.0
2017-09-06,7.1,7.25,7.1,7.25,1014600,0.021127
2017-09-07,7.25,7.3,7.2,7.25,2135000,0.0
2017-09-08,7.25,7.25,7.2,7.2,1106800,-0.006897
2017-09-11,7.2,7.2,7.1,7.2,330500,0.0
2017-09-12,7.2,7.25,7.2,7.25,930700,0.006944
2017-09-13,7.25,7.25,7.2,7.25,236300,0.0
2017-09-14,7.2,7.2,7.1,7.15,186100,-0.013793
2017-09-15,7.1,7.15,7.1,7.15,264000,0.0
2017-09-18,7.1,7.1,6.9,7.0,1049600,-0.020979
2017-09-19,6.95,7.05,6.95,7.05,120400,0.007143
2017-09-20,7.0,7.1,6.95,7.1,261200,0.007092
2017-09-21,7.05,7.2,6.95,7.0,554800,-0.014085
2017-09-22,7.0,7.0,6.9,7.0,752700,0.0
2017-09-25,7.0,7.0,6.95,6.95,317300,-0.007143
2017-09-26,6.95,6.95,6.85,6.9,1011900,-0.007194
2017-09-27,6.9,7.0,6.9,6.95,317900,0.007246
2017-09-28,6.95,6.95,6.85,6.95,375000,0.0
2017-09-29,6.95,6.95,6.9,6.95,258600,0.0
2017-10-02,6.9,6.95,6.9,6.95,308700,0.0
2017-10-03,6.9,6.95,6.8,6.85,1243300,-0.014388
2017-10-04,6.9,6.9,6.6,6.85,1578800,0.0
2017-10-05,6.7,6.9,6.7,6.9,116200,0.007299
2017-10-06,6.8,6.9,6.7,6.9,291300,0.0
2017-10-09,6.75,6.9,6.75,6.85,262900,-0.007246
2017-10-10,6.85,6.9,6.8,6.9,150400,0.007299
2017-10-11,6.85,6.9,6.85,6.9,151800,0.0
2017-10-12,6.85,6.9,6.8,6.9,197900,0.0
2017-10-16,6.8,6.9,6.55,6.55,1486500,-0.050725
2017-10-17,6.7,6.8,6.55,6.6,1250500,0.007634
2017-10-18,6.8,6.8,6.6,6.6,2159100,0.0
2017-10-19,6.6,6.6,6.55,6.6,1232100,0.0
2017-10-20,6.7,6.7,6.55,6.6,593400,0.0
2017-10-24,6.6,6.7,6.6,6.6,614400,0.0
2017-10-25,6.6,6.7,6.6,6.65,973200,0.007576
2017-10-27,6.7,6.7,6.55,6.55,783900,-0.015038
2017-10-30,6.55,6.6,6.5,6.55,1027000,0.0
2017-10-31,6.6,6.65,6.55,6.65,773200,0.015267
2017-11-01,6.65,6.8,6.65,6.7,570500,0.007519
2017-11-02,6.7,6.7,6.65,6.65,114000,-0.007463
2017-11-03,6.7,6.85,6.7,6.8,920400,0.022556
2017-11-06,6.9,6.9,6.8,6.8,207200,0.0
2017-11-07,6.85,7.0,6.8,6.9,1526800,0.014706
2017-11-08,7.0,7.2,6.9,7.0,6911300,0.014493
2017-11-09,7.05,7.05,6.85,7.0,1711500,0.0
2017-11-10,7.0,7.0,6.8,6.95,1741900,-0.007143
2017-11-13,7.1,7.1,6.9,6.9,2079700,-0.007194
2017-11-14,6.9,6.95,6.75,6.85,1929300,-0.007246
2017-11-15,6.85,6.9,6.8,6.8,573200,-0.007299
2017-11-16,6.9,6.95,6.8,6.9,852400,0.014706
2017-11-17,6.95,7.0,6.8,6.8,1011600,-0.014493
2017-11-20,6.95,7.2,6.95,7.2,8630300,0.058824
2017-11-21,7.3,7.7,7.25,7.5,13558100,0.041667
2017-11-22,7.75,8.5,7.7,8.2,23514200,0.093333
2017-11-23,8.2,8.2,7.9,8.2,9262300,0.0
2017-11-24,8.15,8.55,8.05,8.5,14047500,0.036585
2017-11-27,8.75,8.8,8.6,8.6,7335400,0.011765
2017-11-28,8.55,8.55,8.35,8.45,3472600,-0.017442
2017-11-29,8.5,8.85,8.5,8.8,9346400,0.04142
2017-11-30,8.6,8.7,8.2,8.6,6734800,-0.022727
2017-12-01,8.55,8.65,8.4,8.6,2432200,0.0
2017-12-04,8.65,8.8,8.45,8.45,1871000,-0.017442
2017-12-06,8.45,8.75,8.35,8.45,1865600,0.0
2017-12-07,8.4,8.55,8.4,8.4,1106700,-0.005917
2017-12-08,8.4,9.35,8.4,9.3,19687600,0.107143
2017-12-12,9.25,9.3,8.95,9.1,5993600,-0.021505
2017-12-13,9.1,9.55,9.05,9.25,23673300,0.016484
2017-12-14,9.2,9.2,8.75,8.75,6391200,-0.054054
2017-12-15,8.75,9.0,8.5,9.0,4550300,0.028571
2017-12-18,9.0,9.2,8.75,9.1,4340300,0.011111
2017-12-19,9.2,9.25,8.95,8.95,3167300,-0.016484
2017-12-20,8.95,9.0,8.75,8.75,2177800,-0.022346
2017-12-21,8.75,9.0,8.65,8.9,1682500,0.017143
2017-12-22,8.9,8.95,8.7,8.7,964600,-0.022472
2017-12-25,8.7,8.8,8.45,8.45,2700300,-0.028736
2017-12-26,8.4,8.4,7.95,8.0,6754100,-0.053254
2017-12-27,7.9,8.6,7.8,8.3,8263500,0.0375
2017-12-28,8.35,8.5,8.1,8.15,2316900,-0.018072
2017-12-29,8.35,8.5,8.2,8.5,1288300,0.042945
2018-01-03,8.5,8.6,8.35,8.4,2306900,-0.011765
2018-01-04,8.35,8.35,8.25,8.3,1992200,-0.011905
2018-01-05,8.25,8.5,8.05,8.1,2581200,-0.024096
2018-01-08,8.1,8.25,8.1,8.1,1100900,0.0
2018-01-09,8.1,8.15,8.0,8.0,773000,-0.012346
2018-01-10,8.0,8.05,7.9,8.05,1301800,0.00625
2018-01-11,8.0,8.35,8.0,8.25,2011900,0.024845
2018-01-12,8.25,8.3,8.0,8.1,2044800,-0.018182
2018-01-15,8.1,8.2,7.6,7.7,3899800,-0.049383
2018-01-16,7.6,7.8,7.6,7.7,1750400,0.0
2018-01-17,7.8,8.1,7.7,8.0,3446600,0.038961
2018-01-18,8.05,8.1,7.85,8.05,1747700,0.00625
2018-01-19,8.0,8.1,7.9,8.0,1242100,-0.006211
2018-01-22,8.0,8.2,7.95,8.15,1703000,0.01875
2018-01-23,8.2,8.55,8.15,8.45,5775000,0.03681
2018-01-24,8.4,8.55,8.2,8.35,3774100,-0.011834
2018-01-25,8.35,8.45,8.05,8.25,2696100,-0.011976
2018-01-26,8.3,8.3,8.05,8.2,1530300,-0.006061
2018-01-29,8.15,8.25,8.1,8.1,1022000,-0.012195
2018-01-30,8.0,8.2,8.0,8.0,1260000,-0.012346
2018-01-31,7.95,8.2,7.95,8.15,514900,0.01875
2018-02-01,8.1,8.15,8.0,8.05,591200,-0.01227
2018-02-02,8.0,8.05,7.95,8.05,461700,0.0
2018-02-05,7.9,8.0,7.9,8.0,594400,-0.006211
2018-02-06,7.8,8.0,7.7,7.8,1284000,-0.025
2018-02-07,7.8,8.05,7.7,7.7,1506100,-0.012821
2018-02-08,7.7,7.8,7.55,7.55,2396400,-0.019481
2018-02-09,7.35,7.55,7.25,7.45,1478300,-0.013245
2018-02-12,7.4,7.5,7.3,7.4,1626200,-0.006711
2018-02-13,7.45,7.6,7.2,7.35,5645900,-0.006757
2018-02-14,7.3,7.5,7.25,7.4,1064000,0.006803
2018-02-15,7.3,7.45,7.3,7.45,415300,0.006757
2018-02-16,7.4,7.6,7.35,7.45,920700,0.0
2018-02-19,7.45,7.55,7.4,7.5,391700,0.006711
2018-02-20,7.55,8.15,7.55,8.0,5178300,0.066667
2018-02-21,8.1,8.15,7.85,7.85,2571000,-0.01875
2018-02-22,7.95,7.95,7.5,7.6,1657700,-0.031847
2018-02-23,7.6,7.85,7.6,7.75,291600,0.019737
2018-02-26,7.75,8.0,7.75,7.95,1167500,0.025806
2018-02-27,8.05,8.1,7.55,7.65,1959700,-0.037736
2018-02-28,7.65,7.9,7.6,7.65,491800,0.0
2018-03-02,7.6,7.6,7.45,7.45,489400,-0.026144
2018-03-05,7.4,7.6,7.3,7.6,652000,0.020134
2018-03-06,7.6,7.6,7.35,7.35,501800,-0.032895
2018-03-07,7.3,7.35,7.1,7.15,2554400,-0.027211
2018-03-08,7.15,7.15,7.0,7.05,1478400,-0.013986
2018-03-09,7.05,7.2,7.0,7.2,718500,0.021277
2018-03-12,7.2,7.45,7.15,7.45,456800,0.034722
2018-03-13,7.4,7.5,7.3,7.5,255900,0.006711
2018-03-14,7.35,7.4,7.25,7.3,361100,-0.026667
2018-03-15,7.25,7.5,7.25,7.35,860600,0.006849
2018-03-16,7.35,7.4,7.25,7.4,301300,0.006803
2018-03-19,7.3,7.35,7.05,7.05,475900,-0.047297
2018-03-20,7.1,7.2,7.05,7.15,365000,0.014184
2018-03-21,7.1,7.2,7.1,7.1,377000,-0.006993
2018-03-22,7.1,7.2,7.05,7.05,679300,-0.007042
2018-03-23,6.9,7.0,6.85,7.0,1147300,-0.007092
2018-03-26,7.05,7.1,7.0,7.0,390100,0.0
2018-03-27,7.1,7.1,6.9,7.0,675300,0.0
2018-03-28,7.05,7.15,7.0,7.05,1176800,0.007143
2018-03-29,7.05,7.15,7.05,7.15,793000,0.014184
2018-03-30,7.15,7.3,7.1,7.15,370100,0.0
2018-04-02,7.15,7.15,6.95,6.95,818200,-0.027972
2018-04-03,7.0,7.25,7.0,7.1,837300,0.021583
2018-04-04,7.2,7.2,6.95,7.05,784800,-0.007042
2018-04-05,7.0,7.1,7.0,7.0,114600,-0.007092
2018-04-09,7.0,7.05,6.95,7.0,177900,0.0
2018-04-10,7.0,7.0,6.95,7.0,173600,0.0
2018-04-11,7.05,7.1,6.95,7.0,85800,0.0
2018-04-12,6.95,7.1,6.95,7.0,155400,0.0
2018-04-17,7.0,7.1,6.95,7.0,265200,0.0
2018-04-18,7.0,7.15,7.0,7.0,256300,0.0
2018-04-19,7.0,7.05,6.95,7.0,354600,0.0
2018-04-20,7.05,7.1,7.0,7.05,351800,0.007143
2018-04-23,7.05,7.1,6.95,7.0,484100,-0.007092
2018-04-24,7.0,7.05,6.95,7.0,1021700,0.0
2018-04-25,7.0,7.1,7.0,7.1,303500,0.014286
2018-04-26,7.15,7.15,7.0,7.0,299400,-0.014085
2018-04-27,7.05,7.05,6.95,6.95,426400,-0.007143
2018-04-30,7.0,7.05,6.95,7.0,1107400,0.007194
2018-05-02,7.0,7.05,7.0,7.0,151200,0.0
2018-05-03,7.0,7.05,7.0,7.0,386000,0.0
2018-05-04,6.95,6.95,6.85,6.95,843300,-0.007143
2018-05-07,6.95,6.95,6.85,6.85,331400,-0.014388
2018-05-08,7.3,8.15,7.2,7.95,13420500,0.160584
2018-05-09,7.9,8.15,7.85,8.05,6345500,0.012579
2018-05-10,8.25,8.3,7.75,7.75,5637000,-0.037267
2018-05-11,7.85,8.1,7.7,8.1,1987000,0.045161
2018-05-14,8.1,8.4,8.0,8.2,3574200,0.012346
2018-05-15,8.1,8.15,7.9,7.95,1937800,-0.030488
2018-05-16,8.0,8.0,7.65,7.75,1949800,-0.025157
2018-05-17,7.75,7.9,7.75,7.9,571500,0.019355
2018-05-18,8.0,8.35,7.95,8.35,5240600,0.056962
2018-05-21,8.4,8.4,8.2,8.2,3696300,-0.017964
2018-05-22,8.25,8.4,8.0,8.1,4193500,-0.012195
2018-05-23,8.05,8.15,8.05,8.05,746300,-0.006173
2018-05-24,8.1,8.15,7.85,7.9,2216400,-0.018634
2018-05-25,7.9,8.1,7.9,8.05,937400,0.018987
2018-05-28,8.1,8.2,7.95,8.0,1735500,-0.006211
2018-05-30,7.85,7.95,7.8,7.95,622600,-0.00625
2018-05-31,8.05,8.05,7.9,8.0,358800,0.006289
2018-06-01,8.0,8.0,7.9,7.95,366900,-0.00625
2018-06-04,7.9,7.95,7.85,7.85,301300,-0.012579
2018-06-05,7.85,7.9,7.65,7.85,1924900,0.0
2018-06-06,7.9,7.9,7.75,7.8,633200,-0.006369
2018-06-07,7.8,7.85,7.45,7.45,3097400,-0.044872
2018-06-08,7.5,7.55,7.35,7.35,969000,-0.013423
2018-06-11,7.35,7.45,7.35,7.35,147400,0.0
2018-06-12,7.4,7.6,7.25,7.55,1069600,0.027211
2018-06-13,7.6,7.6,7.5,7.6,692100,0.006623
2018-06-14,7.65,7.7,7.55,7.55,437400,-0.006579
2018-06-15,7.6,7.6,7.5,7.55,217300,0.0
2018-06-18,7.5,7.5,7.4,7.4,355900,-0.019868
2018-06-19,7.55,7.55,7.15,7.2,1372800,-0.027027
2018-06-20,7.2,7.25,7.0,7.2,1691400,0.0
2018-06-21,7.25,7.3,7.05,7.05,442800,-0.020833
2018-06-22,7.05,7.05,6.95,7.0,1915800,-0.007092
2018-06-25,7.0,7.15,7.0,7.0,182500,0.0
2018-06-26,7.0,7.1,7.0,7.1,249300,0.014286
2018-06-27,7.1,7.1,7.0,7.05,117800,-0.007042
2018-06-28,7.05,7.1,6.95,6.95,517800,-0.014184
2018-06-29,6.95,6.95,6.85,6.95,595000,0.0
2018-07-02,6.95,7.15,6.95,7.15,249500,0.028777
2018-07-03,7.15,7.15,7.0,7.05,103400,-0.013986
2018-07-04,7.05,7.25,7.05,7.25,424100,0.028369
2018-07-05,7.25,7.25,7.0,7.0,411700,-0.034483
2018-07-06,7.05,7.1,7.0,7.1,160200,0.014286
2018-07-09,7.1,7.15,7.05,7.15,345500,0.007042
2018-07-10,7.15,7.25,7.15,7.2,235300,0.006993
2018-07-11,7.2,7.2,7.1,7.15,58300,-0.006944
2018-07-12,7.25,7.35,7.2,7.25,535900,0.013986
2018-07-13,7.25,7.3,7.15,7.15,107300,-0.013793
2018-07-16,7.1,7.15,7.1,7.1,226100,-0.006993
2018-07-17,7.05,7.1,7.0,7.05,868100,-0.007042
2018-07-18,7.1,7.15,7.05,7.05,144700,0.0
2018-07-19,7.1,7.15,7.05,7.1,73700,0.007092
2018-07-20,7.1,7.2,7.1,7.15,378600,0.007042
2018-07-23,7.2,7.2,7.1,7.1,134600,-0.006993
2018-07-24,7.15,7.2,7.1,7.1,195800,0.0
2018-07-25,7.1,7.15,7.05,7.1,196100,0.0
2018-07-26,7.15,7.15,7.1,7.15,120400,0.007042
2018-07-31,7.2,7.2,7.1,7.1,106100,-0.006993
2018-08-01,7.2,7.25,7.05,7.25,547700,0.021127
2018-08-02,7.25,7.5,7.2,7.35,1435600,0.013793
2018-08-03,7.35,7.45,7.3,7.45,479100,0.013605
2018-08-06,7.55,7.6,7.3,7.3,810200,-0.020134
2018-08-07,7.3,7.45,7.3,7.45,357100,0.020548
2018-08-08,7.55,7.55,7.45,7.45,481400,0.0
2018-08-09,7.35,7.5,7.35,7.45,299300,0.0
2018-08-10,7.45,7.45,7.0,7.1,1725200,-0.04698
2018-08-14,7.25,7.5,7.15,7.3,2448800,0.028169
2018-08-15,7.3,7.3,7.15,7.15,163400,-0.020548
2018-08-16,7.15,7.25,7.15,7.2,145400,0.006993
2018-08-17,7.2,7.35,7.2,7.3,580200,0.013889
2018-08-20,7.3,7.3,7.2,7.2,243400,-0.013699
2018-08-21,7.3,7.4,7.2,7.2,429400,0.0
2018-08-22,7.25,7.35,7.2,7.35,215800,0.020833
2018-08-23,7.35,7.35,7.3,7.3,269100,-0.006803
2018-08-24,7.3,7.35,7.25,7.3,249500,0.0
2018-08-27,7.2,7.2,7.1,7.15,588900,-0.020548
2018-08-28,7.15,7.2,7.1,7.1,430000,-0.006993
2018-08-29,7.1,7.25,7.1,7.15,423500,0.007042
2018-08-30,7.15,7.15,7.1,7.1,296600,-0.006993
2018-08-31,7.15,7.15,7.05,7.1,258300,0.0
2018-09-03,7.05,7.2,7.05,7.1,166700,0.0
2018-09-04,7.15,7.15,7.1,7.15,157900,0.007042
2018-09-05,7.1,7.15,7.0,7.05,607800,-0.013986
2018-09-06,7.05,7.1,7.0,7.1,90600,0.007092
2018-09-07,7.1,7.1,7.0,7.05,317800,-0.007042
2018-09-10,7.05,7.05,7.0,7.0,88300,-0.007092
2018-09-11,7.05,7.05,6.95,6.95,353400,-0.007143
2018-09-12,6.95,7.0,6.9,6.95,888200,0.0
2018-09-13,6.95,7.0,6.9,6.95,326800,0.0
2018-09-14,7.0,7.0,6.9,6.9,291900,-0.007194
2018-09-17,6.9,6.95,6.9,6.9,189900,0.0
2018-09-18,6.95,7.3,6.95,7.2,2760500,0.043478
2018-09-19,7.25,7.35,7.2,7.2,1209100,0.0
2018-09-20,7.25,7.3,7.1,7.1,977900,-0.013889
2018-09-21,7.1,7.65,7.1,7.6,6742800,0.070423
2018-09-24,7.65,7.75,7.4,7.4,5298600,-0.026316
2018-09-25,7.4,7.45,7.35,7.4,1177200,0.0
2018-09-26,7.45,7.5,7.3,7.3,1025100,-0.013514
2018-09-27,7.4,7.5,7.3,7.4,1894700,0.013699
2018-09-28,7.4,7.6,7.4,7.5,2519200,0.013514
2018-10-01,7.6,7.9,7.6,7.85,4846700,0.046667
2018-10-02,7.8,7.9,7.65,7.7,1405600,-0.019108
2018-10-03,7.7,7.8,7.65,7.65,973200,-0.006494
2018-10-04,7.65,7.65,7.55,7.6,1187500,-0.006536
2018-10-05,7.6,7.6,7.4,7.5,827800,-0.013158
2018-10-08,7.6,7.7,7.5,7.5,608100,0.0
2018-10-09,7.5,7.6,7.45,7.45,291300,-0.006667
2018-10-10,7.55,7.65,7.55,7.65,577300,0.026846
2018-10-11,7.45,7.55,7.25,7.3,526200,-0.045752
2018-10-12,7.3,7.45,7.3,7.35,246100,0.006849
2018-10-16,7.35,7.4,7.15,7.15,941300,-0.027211
2018-10-17,7.15,7.3,7.05,7.1,745800,-0.006993
2018-10-18,7.1,7.2,7.05,7.1,228300,0.0
2018-10-19,7.1,7.1,7.05,7.1,145100,0.0
2018-10-22,7.1,7.15,7.05,7.15,270300,0.007042
2018-10-24,7.05,7.05,6.9,6.95,736600,-0.027972
2018-10-25,6.9,7.0,6.85,6.95,584300,0.0
2018-10-26,6.95,7.0,6.95,6.95,109100,0.0
2018-10-29,6.95,7.05,6.95,6.95,130800,0.0
2018-10-30,7.0,7.05,6.95,6.95,44400,0.0
2018-10-31,7.0,7.05,6.95,7.0,46400,0.007194
2018-11-01,7.0,7.1,7.0,7.05,90100,0.007143
2018-11-02,7.05,7.05,7.0,7.05,137200,0.0
2018-11-05,7.0,7.2,7.0,7.05,1376700,0.0
2018-11-06,7.1,7.15,7.1,7.15,297300,0.014184
2018-11-07,7.15,7.15,7.1,7.1,558200,-0.006993
2018-11-08,7.1,7.15,7.1,7.1,270900,0.0
2018-11-09,7.1,7.15,7.1,7.1,273000,0.0
2018-11-12,7.1,7.15,7.1,7.1,1013800,0.0
2018-11-13,6.95,7.05,6.9,7.0,6328100,-0.014085
2018-11-14,7.0,7.05,7.0,7.0,6318600,0.0
2018-11-15,7.0,7.0,7.0,7.0,3197400,0.0
2018-11-16,7.0,7.15,7.0,7.1,505100,0.014286
2018-11-19,7.0,7.1,6.95,7.1,402700,0.0
2018-11-20,7.1,7.1,7.05,7.05,657400,-0.007042
2018-11-21,7.0,7.05,7.0,7.05,274100,0.0
2018-11-22,7.05,7.05,7.05,7.05,403000,0.0
2018-11-23,7.0,7.1,7.0,7.05,649500,0.0
2018-11-26,7.0,7.05,7.0,7.05,67100,0.0
2018-11-27,7.05,7.05,7.05,7.05,118100,0.0
2018-11-28,7.05,7.05,7.05,7.05,161500,0.0
2018-11-29,7.1,7.1,7.05,7.05,944400,0.0
2018-11-30,7.0,7.1,7.0,7.05,114400,0.0
2018-12-03,7.05,7.05,7.05,7.05,64400,0.0
2018-12-04,7.05,7.1,7.05,7.05,72300,0.0
2018-12-06,7.0,7.05,7.0,7.05,704300,0.0
2018-12-07,7.05,7.1,7.05,7.1,111400,0.007092
2018-12-11,7.1,7.1,6.95,6.95,904700,-0.021127
2018-12-12,7.0,7.05,6.95,7.0,125500,0.007194
2018-12-13,7.1,7.1,6.95,6.95,640700,-0.007143
2018-12-14,6.95,7.0,6.95,6.95,93800,0.0
2018-12-17,6.95,6.95,6.95,6.95,206100,0.0
2018-12-18,6.95,7.0,6.95,6.95,199100,0.0
2018-12-19,6.9,7.0,6.9,6.95,31700,0.0
2018-12-20,6.95,7.0,6.95,7.0,116100,0.007194
2018-12-21,6.95,6.95,6.95,6.95,2017100,-0.007143
2018-12-24,6.95,6.95,6.95,6.95,147600,0.0
2018-12-25,6.95,7.0,6.95,6.95,700500,0.0
2018-12-26,6.95,7.0,6.95,6.95,191700,0.0
2018-12-27,7.05,7.05,6.95,6.95,119300,0.0
2018-12-28,6.95,7.0,6.95,6.95,163300,0.0
2019-01-02,6.95,7.25,6.95,7.0,38000,0.007194
2019-01-03,7.0,7.0,7.0,7.0,7700,0.0
2019-01-04,7.0,7.0,6.95,7.0,40100,0.0
2019-01-07,7.05,7.05,6.95,6.95,18200,-0.007143
2019-01-08,7.0,7.0,7.0,7.0,8400,0.007194
2019-01-09,7.0,7.0,6.95,7.0,18400,0.0
2019-01-10,7.0,7.0,7.0,7.0,6700,0.0
2019-01-11,7.0,7.0,6.95,7.0,59100,0.0
2019-01-14,7.0,7.05,6.95,7.05,122000,0.007143
2019-01-15,7.05,7.05,7.0,7.05,58700,0.0
2019-01-16,7.05,7.05,7.05,7.05,64100,0.0
2019-01-17,7.0,7.1,7.0,7.05,250100,0.0
2019-01-18,7.0,7.1,7.0,7.05,89500,0.0
2019-01-21,7.15,7.15,7.0,7.05,73500,0.0
2019-01-22,7.05,7.1,7.0,7.05,427700,0.0
2019-01-23,7.15,7.15,7.0,7.05,303700,0.0
2019-01-24,7.05,7.1,7.05,7.05,319600,0.0
2019-01-25,7.05,7.1,7.05,7.05,169000,0.0
2019-01-28,7.1,7.15,7.05,7.05,608200,0.0
2019-01-29,7.05,7.2,7.05,7.2,108400,0.021277
2019-01-30,7.2,7.2,7.05,7.05,56800,-0.020833
2019-01-31,7.05,7.15,7.05,7.1,3700,0.007092
2019-02-01,7.05,7.1,7.05,7.05,57100,-0.007042
2019-02-04,7.1,7.1,7.05,7.05,118100,0.0
2019-02-05,7.1,7.1,7.05,7.1,15900,0.007092
2019-02-06,7.05,7.1,7.05,7.1,18700,0.0
2019-02-07,7.05,7.1,7.05,7.05,178500,-0.007042
2019-02-08,7.1,7.1,7.05,7.1,180500,0.007092
2019-02-11,7.15,7.15,7.05,7.1,254100,0.0
2019-02-12,7.1,7.1,7.05,7.1,109600,0.0
2019-02-13,7.1,7.1,7.05,7.1,195500,0.0
2019-02-14,7.05,7.05,7.05,7.05,55900,-0.007042
2019-02-15,7.1,7.1,7.05,7.05,27800,0.0
2019-02-18,7.1,7.1,7.05,7.05,81000,0.0
2019-02-20,7.05,7.1,7.05,7.05,227800,0.0
2019-02-21,7.05,7.05,6.95,6.95,288800,-0.014184
2019-02-22,7.0,7.0,6.95,7.0,191500,0.007194
2019-02-25,6.95,6.95,6.85,6.9,976100,-0.014286
2019-02-26,6.9,6.9,6.8,6.8,648200,-0.014493
2019-02-27,6.75,6.75,6.7,6.75,491100,-0.007353
2019-02-28,6.7,6.75,6.7,6.75,321000,0.0
2019-03-01,6.75,6.75,6.65,6.65,391600,-0.014815
2019-03-04,6.7,6.7,6.65,6.7,27900,0.007519
2019-03-05,6.65,6.75,6.65,6.75,80300,0.007463
2019-03-06,6.7,6.75,6.7,6.7,234000,-0.007407
2019-03-07,6.7,6.8,6.7,6.8,56300,0.014925
2019-03-08,6.75,6.75,6.75,6.75,122500,-0.007353
2019-03-11,6.75,6.75,6.75,6.75,119400,0.0
2019-03-12,6.9,6.9,6.75,6.8,66200,0.007407
2019-03-13,6.8,6.85,6.8,6.85,5000,0.007353
2019-03-14,6.85,6.85,6.75,6.8,141700,-0.007299
2019-03-15,6.75,6.85,6.75,6.8,126000,0.0
2019-03-18,6.75,6.8,6.7,6.75,122100,-0.007353
2019-03-19,6.75,6.8,6.75,6.8,36600,0.007407
2019-03-20,6.8,6.8,6.8,6.8,800,0.0
2019-03-21,6.75,6.8,6.75,6.8,12800,0.0
2019-03-22,6.8,6.8,6.8,6.8,26500,0.0
2019-03-25,6.8,6.8,6.75,6.75,379300,-0.007353
2019-03-26,6.8,6.8,6.75,6.8,350800,0.007407
2019-03-27,6.8,6.8,6.8,6.8,200000,0.0
2019-03-28,6.8,6.8,6.8,6.8,500,0.0
2019-03-29,7.0,7.0,6.8,6.8,200,0.0
2019-04-01,6.8,6.8,6.8,6.8,117900,0.0
2019-04-02,6.8,6.95,6.8,6.85,18600,0.007353
2019-04-03,6.8,6.85,6.8,6.85,25700,0.0
2019-04-04,6.85,6.85,6.8,6.85,212700,0.0
2019-04-05,6.8,6.85,6.8,6.85,27500,0.0
2019-04-09,6.85,6.85,6.85,6.85,26000,0.0
2019-04-10,6.85,7.0,6.85,6.9,14300,0.007299
2019-04-11,6.85,6.85,6.85,6.85,4200,-0.007246
2019-04-12,6.8,6.95,6.8,6.95,23100,0.014599
2019-04-17,6.9,7.0,6.9,7.0,28900,0.007194
2019-04-18,6.95,7.0,6.95,7.0,53100,0.0
2019-04-19,6.95,6.95,6.95,6.95,74800,-0.007143
2019-04-22,6.95,6.95,6.95,6.95,36700,0.0
2019-04-23,6.9,6.95,6.9,6.95,301700,0.0
2019-04-24,6.9,7.0,6.9,7.0,198200,0.007194
2019-04-25,6.95,7.0,6.95,6.95,61400,-0.007143
2019-04-26,6.95,6.95,6.95,6.95,61500,0.0
2019-04-29,6.95,7.0,6.95,7.0,5300,0.007194
2019-04-30,7.0,7.0,6.95,6.95,51500,-0.007143
2019-05-02,6.9,7.0,6.9,6.95,73500,0.0
2019-05-03,6.95,6.95,6.95,6.95,181900,0.0
2019-05-07,7.0,7.0,6.95,6.95,28700,0.0
2019-05-08,6.95,6.95,6.95,6.95,200100,0.0
2019-05-09,6.95,6.95,6.95,6.95,121400,0.0
2019-05-10,6.95,6.95,6.95,6.95,315600,0.0
2019-05-13,6.9,6.9,6.85,6.85,503300,-0.014388
2019-05-14,6.85,6.95,6.85,6.9,97400,0.007299
2019-05-15,7.0,7.0,6.9,6.95,775500,0.007246
2019-05-16,7.0,7.0,6.9,6.95,657900,0.0
2019-05-17,6.9,7.0,6.9,6.95,443800,0.0
2019-05-21,6.95,7.0,6.95,6.95,221000,0.0
2019-05-22,6.95,6.95,6.95,6.95,154700,0.0
2019-05-23,6.95,6.95,6.95,6.95,46500,0.0
2019-05-24,6.9,7.0,6.9,7.0,7600,0.007194
2019-05-27,6.95,6.95,6.95,6.95,391600,-0.007143
2019-05-28,6.95,6.95,6.9,6.95,274600,0.0
2019-05-29,6.95,7.0,6.95,7.0,333100,0.007194
2019-05-30,7.0,7.0,6.95,6.95,7600,-0.007143
2019-05-31,6.95,7.0,6.95,6.95,35400,0.0
2019-06-04,6.95,6.95,6.95,6.95,119100,0.0
2019-06-05,6.95,6.95,6.95,6.95,594400,0.0
2019-06-06,6.95,7.0,6.95,6.95,522900,0.0
2019-06-07,6.9,7.0,6.9,6.95,57200,0.0
2019-06-10,6.95,7.05,6.9,7.0,248400,0.007194
2019-06-11,7.0,7.0,6.95,6.95,72700,-0.007143
2019-06-12,6.95,7.0,6.95,7.0,28800,0.007194
2019-06-13,6.95,6.95,6.95,6.95,72100,-0.007143
2019-06-14,6.95,7.0,6.95,7.0,468300,0.007194
2019-06-17,7.0,7.0,6.95,6.95,99500,-0.007143
2019-06-18,6.9,7.0,6.9,7.0,67300,0.007194
2019-06-19,6.95,7.0,6.95,6.95,45300,-0.007143
2019-06-20,6.95,6.95,6.95,6.95,383000,0.0
2019-06-21,6.95,7.0,6.9,7.0,618000,0.007194
2019-06-24,7.0,7.0,6.9,6.95,544200,-0.007143
2019-06-25,6.95,6.95,6.95,6.95,48800,0.0
2019-06-26,6.95,6.95,6.95,6.95,164300,0.0
2019-06-27,6.9,6.95,6.85,6.85,146400,-0.014388
2019-06-28,6.95,6.95,6.8,6.85,62000,0.0
2019-07-01,6.85,6.85,6.8,6.8,28600,-0.007299
2019-07-02,6.75,6.8,6.7,6.75,11200,-0.007353
2019-07-03,6.65,6.65,6.55,6.55,112300,-0.02963
2019-07-04,6.5,6.6,6.35,6.4,153700,-0.022901
2019-07-05,6.35,6.65,6.25,6.45,289500,0.007812
2019-07-08,6.3,6.4,6.25,6.4,58300,-0.007752
2019-07-09,6.4,6.4,6.15,6.4,138000,0.0
2019-07-10,6.4,6.45,6.3,6.45,60100,0.007812
2019-07-11,6.45,6.5,6.45,6.45,8200,0.0
2019-07-12,6.45,6.45,6.4,6.4,27400,-0.007752
2019-07-15,6.3,6.4,6.25,6.4,78400,0.0
2019-07-17,6.35,6.4,6.3,6.4,21000,0.0
2019-07-18,6.35,6.45,6.3,6.4,26500,0.0
2019-07-19,6.35,6.35,6.25,6.25,84700,-0.023438
2019-07-22,6.35,6.45,6.3,6.4,32700,0.024
2019-07-23,6.4,6.4,6.35,6.4,15300,0.0
2019-07-24,6.3,6.4,6.3,6.4,22400,0.0
2019-07-25,6.35,6.4,6.25,6.4,75600,0.0
2019-07-26,6.3,6.4,6.3,6.4,11700,0.0
2019-07-30,6.3,6.35,6.3,6.35,46500,-0.007813
2019-07-31,6.3,6.35,6.25,6.35,49600,0.0
2019-08-01,6.35,6.35,6.3,6.35,51000,0.0
2019-08-02,6.3,6.3,6.25,6.3,52700,-0.007874
2019-08-05,6.3,6.3,6.25,6.3,355200,0.0
2019-08-06,6.25,6.3,6.25,6.3,105700,0.0
2019-08-08,6.25,6.3,6.25,6.3,7900,0.0
2019-08-09,6.25,6.35,6.25,6.3,18200,0.0
2019-08-13,6.25,6.3,6.25,6.3,129000,0.0
2019-08-14,6.25,6.3,6.25,6.3,20300,0.0
2019-08-15,6.25,6.25,6.25,6.25,40100,-0.007937
2019-08-16,6.25,6.3,6.25,6.3,50400,0.008
2019-08-19,6.25,6.25,6.25,6.25,12000,-0.007937
2019-08-20,6.25,6.3,6.25,6.3,5400,0.008
2019-08-21,6.25,6.3,6.25,6.3,4200,0.0
2019-08-22,6.3,6.3,6.3,6.3,78800,0.0
2019-08-23,6.3,6.35,6.3,6.3,8000,0.0
2019-08-26,6.3,6.5,6.3,6.3,1944300,0.0
2019-08-27,6.3,6.3,6.3,6.3,1436800,0.0
2019-08-28,6.3,6.3,6.3,6.3,2600,0.0
2019-08-29,6.3,6.35,6.3,6.3,22200,0.0
2019-08-30,6.3,6.3,6.3,6.3,2800,0.0
2019-09-02,6.3,6.3,6.3,6.3,31800,0.0
2019-09-03,6.3,6.3,6.3,6.3,10500,0.0
2019-09-04,6.3,6.35,6.3,6.35,59900,0.007937
2019-09-05,6.3,6.3,6.3,6.3,24500,-0.007874
2019-09-06,6.3,6.3,6.3,6.3,14000,0.0
2019-09-09,6.35,6.35,6.35,6.35,79800,0.007937
2019-09-10,6.3,6.35,6.3,6.35,19800,0.0
2019-09-11,6.3,6.4,6.3,6.4,11100,0.007874
2019-09-12,6.4,6.4,6.3,6.3,14700,-0.015625
2019-09-13,6.35,6.35,6.3,6.35,2300,0.007937
2019-09-16,6.3,6.35,6.3,6.35,19400,0.0
2019-09-17,6.3,6.4,6.3,6.35,150600,0.0
2019-09-18,6.35,6.35,6.35,6.35,100,0.0
2019-09-19,6.35,6.4,6.3,6.35,156800,0.0
2019-09-20,6.3,6.3,6.3,6.3,5000,-0.007874
2019-09-23,6.35,6.45,6.35,6.4,148700,0.015873
2019-09-24,6.3,6.3,6.3,6.3,41800,-0.015625
2019-09-25,6.35,6.35,6.3,6.35,3800,0.007937
2019-09-26,6.4,6.4,6.4,6.4,100,0.007874
2019-09-27,6.3,6.3,6.3,6.3,29500,-0.015625
2019-09-30,6.3,6.3,6.3,6.3,100,0.0
2019-10-01,6.25,6.4,6.25,6.4,28500,0.015873
2019-10-02,6.5,6.5,6.15,6.2,474200,-0.03125
2019-10-03,6.15,6.25,6.15,6.25,149000,0.008065
2019-10-04,6.3,6.3,6.3,6.3,5000,0.008
2019-10-07,6.15,6.25,6.15,6.25,57100,-0.007937
2019-10-08,6.2,6.2,6.15,6.2,83800,-0.008
2019-10-09,6.15,6.15,6.15,6.15,170900,-0.008065
2019-10-10,6.3,6.3,6.15,6.15,400,0.0
2019-10-11,6.15,6.15,6.15,6.15,23600,0.0
2019-10-15,6.15,6.15,6.1,6.15,9300,0.0
2019-10-16,6.1,6.1,6.05,6.1,110700,-0.00813
2019-10-17,6.05,6.1,6.05,6.05,117000,-0.008197
2019-10-18,6.05,6.05,6.05,6.05,12900,0.0
2019-10-21,6.05,6.05,6.05,6.05,28700,0.0
2019-10-22,6.1,6.1,6.05,6.1,900,0.008264
2019-10-24,6.05,6.1,6.05,6.05,6200,-0.008197
2019-10-25,6.05,6.05,6.05,6.05,36600,0.0
2019-10-28,6.05,6.1,6.0,6.05,112800,0.0
2019-10-29,6.05,6.05,6.05,6.05,123700,0.0
2019-10-30,6.05,6.1,6.0,6.0,59700,-0.008264
2019-10-31,6.0,6.1,6.0,6.05,46600,0.008333
2019-11-01,6.05,6.05,6.0,6.0,800,-0.008264
2019-11-04,6.0,6.0,6.0,6.0,55800,0.0
2019-11-05,6.0,6.0,6.0,6.0,19600,0.0
2019-11-06,6.0,6.05,6.0,6.05,11200,0.008333
2019-11-07,6.05,6.05,6.05,6.05,4100,0.0
2019-11-11,6.0,6.05,5.95,6.0,86300,-0.008264
2019-11-12,6.0,6.0,6.0,6.0,1000,0.0
2019-11-13,5.9,5.95,5.75,5.9,53900,-0.016667
2019-11-14,5.75,5.8,5.7,5.8,78100,-0.016949
2019-11-15,5.8,5.8,5.75,5.75,6200,-0.008621
2019-11-18,5.7,5.8,5.7,5.8,8100,0.008696
2019-11-19,5.7,5.9,5.7,5.9,7000,0.017241
2019-11-20,5.8,5.9,5.8,5.8,9100,-0.016949
2019-11-21,5.8,5.8,5.8,5.8,100200,0.0
2019-11-22,5.75,5.8,5.7,5.7,43900,-0.017241
2019-11-25,5.8,5.8,5.7,5.7,20500,0.0
2019-11-26,5.8,5.8,5.75,5.75,5100,0.008772
2019-11-27,5.8,5.8,5.8,5.8,100,0.008696
2019-11-28,5.8,5.95,5.8,5.9,2300,0.017241
2019-12-03,5.95,5.95,5.9,5.9,1800,0.0
2019-12-04,5.95,5.95,5.95,5.95,100,0.008475
2019-12-06,5.55,5.9,5.55,5.65,64600,-0.05042
2019-12-09,5.65,5.65,5.65,5.65,2100,0.0
2019-12-11,5.65,6.0,5.65,5.9,2300,0.044248
2019-12-13,5.65,5.65,5.65,5.65,16100,-0.042373
2019-12-16,5.9,5.9,5.65,5.65,62100,0.0
2019-12-17,5.65,5.65,5.6,5.6,13100,-0.00885
2019-12-18,5.65,5.9,5.6,5.6,63600,0.0
2019-12-19,6.0,6.0,5.65,5.65,1400,0.008929
2019-12-20,5.75,5.9,5.75,5.75,22300,0.017699
2019-12-23,5.75,5.95,5.75,5.95,2100,0.034783
2019-12-24,5.65,5.95,5.65,5.95,7900,0.0
2019-12-25,6.0,6.0,6.0,6.0,100,0.008403
2019-12-26,5.75,5.8,5.75,5.8,80500,-0.033333
2019-12-27,5.8,5.8,5.8,5.8,200,0.0
2019-12-30,5.8,5.8,5.8,5.8,100,0.0
2020-01-02,5.95,5.95,5.95,5.95,100,0.025862
2020-01-03,5.85,5.85,5.85,5.85,20000,-0.016807
2020-01-06,5.75,5.9,5.7,5.9,585700,0.008547
2020-01-08,5.75,5.9,5.75,5.9,10100,0.0
2020-01-09,5.4,5.85,5.3,5.85,176300,-0.008475
2020-01-10,5.6,5.8,5.6,5.8,1400,-0.008547
2020-01-13,5.3,5.65,5.3,5.5,60800,-0.051724
2020-01-14,5.55,5.75,5.55,5.7,296400,0.036364
2020-01-15,5.7,5.7,5.7,5.7,200,0.0
2020-01-16,5.7,5.7,5.55,5.55,6800,-0.026316
2020-01-17,5.7,5.7,5.55,5.65,25900,0.018018
2020-01-21,5.6,6.05,5.6,5.65,2200,0.0
2020-01-22,5.7,5.75,5.7,5.75,1100,0.017699
